,Location,Post_Office,Postcode,State
15334,Jalan Istana Kolam,Kuala Terengganu,20000,Terengganu
15335,Jalan Kota,Kuala Terengganu,20000,Terengganu
15336,Jalan Ladang Sekolah,Kuala Terengganu,20000,Terengganu
15337,Jalan Nesan Empat,Kuala Terengganu,20000,Terengganu
15338,Jalan Petani,Kuala Terengganu,20000,Terengganu
15339,Jalan Sultan Sulaiman,Kuala Terengganu,20000,Terengganu
15340,Jalan Sultan Zainal Abidin,Kuala Terengganu,20000,Terengganu
15341,Kampung Aur,Kuala Terengganu,20000,Terengganu
15342,Kampung Bangsal,Kuala Terengganu,20000,Terengganu
15343,Kampung Daik,Kuala Terengganu,20000,Terengganu
15344,Kampung Dalam Bata,Kuala Terengganu,20000,Terengganu
15345,Kampung Dato Penglima Perang,Kuala Terengganu,20000,Terengganu
15346,Kampung Kolam,Kuala Terengganu,20000,Terengganu
15347,Kampung Ladang Cicar,Kuala Terengganu,20000,Terengganu
15348,Kampung Ladang Mengabang,Kuala Terengganu,20000,Terengganu
15349,Kampung Ladang Pasar,Kuala Terengganu,20000,Terengganu
15350,Kampung Ladang Sekolah,Kuala Terengganu,20000,Terengganu
15351,Kampung Ladang Titian,Kuala Terengganu,20000,Terengganu
15352,Kampung Pantai Haji Kasim,Kuala Terengganu,20000,Terengganu
15353,Kampung Petani,Kuala Terengganu,20000,Terengganu
15354,Kampung Rakyat,Kuala Terengganu,20000,Terengganu
15355,Kampung Surau Haji Mat Tokey,Kuala Terengganu,20000,Terengganu
15356,Kampung Surau Telok,Kuala Terengganu,20000,Terengganu
15357,Kampung Surau Tok She,Kuala Terengganu,20000,Terengganu
15358,Kampung Tanjong (Km 1.5),Kuala Terengganu,20000,Terengganu
15359,Kampung Tanjong Paya,Kuala Terengganu,20000,Terengganu
15360,Kampung Tanjong Surau Besar,Kuala Terengganu,20000,Terengganu
15361,Kampung Tanjong Surau Pasir,Kuala Terengganu,20000,Terengganu
15362,Kampung Tanjung Batu Satu,Kuala Terengganu,20000,Terengganu
15363,Kampung Tanjung Mengabang,Kuala Terengganu,20000,Terengganu
15364,Lorong Bemban,Kuala Terengganu,20000,Terengganu
15365,Perbadanan Pembangunan Bandar,Kuala Terengganu,20000,Terengganu
15366,Taman Petani,Kuala Terengganu,20000,Terengganu
15367,Hotel Tanjung Vista,Kuala Terengganu,20000,Terengganu
15368,Jalan Kelantan (Hingga Km 6),Kuala Terengganu,20050,Terengganu
15369,Jalan Pulau Musang,Kuala Terengganu,20050,Terengganu
15370,Kampung Banggol Chempedak,Kuala Terengganu,20050,Terengganu
15371,Kampung Banggol Katong,Kuala Terengganu,20050,Terengganu
15372,Kampung Banggol Lalang,Kuala Terengganu,20050,Terengganu
15373,Kampung Banggol Tok Ku,Kuala Terengganu,20050,Terengganu
15374,Kampung Baru Serada,Kuala Terengganu,20050,Terengganu
15375,Kampung Beladau Selat,Kuala Terengganu,20050,Terengganu
15376,Kampung Belukar Sukai,Kuala Terengganu,20050,Terengganu
15377,Kampung Bukit Kubang Jambu,Kuala Terengganu,20050,Terengganu
15378,Kampung Durian Burong,Kuala Terengganu,20050,Terengganu
15379,Kampung Dusun Melintang,Kuala Terengganu,20050,Terengganu
15380,Kampung Gelugor Haji Tahir,Kuala Terengganu,20050,Terengganu
15381,Kampung Gelugor Kedai,Kuala Terengganu,20050,Terengganu
15382,Kampung Gelugor Raja,Kuala Terengganu,20050,Terengganu
15383,Kampung Gong Pauh,Kuala Terengganu,20050,Terengganu
15384,Kampung Gong Pipit,Kuala Terengganu,20050,Terengganu
15385,Kampung Kedai Kepong,Kuala Terengganu,20050,Terengganu
15386,Kampung Kepong,Kuala Terengganu,20050,Terengganu
15387,Kampung Kuala Bekah,Kuala Terengganu,20050,Terengganu
15388,Kampung Kuala Bekah Pasar,Kuala Terengganu,20050,Terengganu
15389,Kampung Kubang Bakong,Kuala Terengganu,20050,Terengganu
15390,Kampung Kubang Bujok,Kuala Terengganu,20050,Terengganu
15391,Kampung Kubang Kura,Kuala Terengganu,20050,Terengganu
15392,Kampung Kubang Parit,Kuala Terengganu,20050,Terengganu
15393,Kampung Kubang Tangga,Kuala Terengganu,20050,Terengganu
15394,Kampung Kubang Terap,Kuala Terengganu,20050,Terengganu
15395,Kampung Melintang,Kuala Terengganu,20050,Terengganu
15396,Kampung Merbau Patah,Kuala Terengganu,20050,Terengganu
15397,Kampung Padang Sena,Kuala Terengganu,20050,Terengganu
15398,Kampung Pak Pa,Kuala Terengganu,20050,Terengganu
15399,Kampung Paloh Masjid,Kuala Terengganu,20050,Terengganu
15400,Kampung Paloh Sekolah,Kuala Terengganu,20050,Terengganu
15401,Kampung Paloh Sungai Kiat,Kuala Terengganu,20050,Terengganu
15402,Kampung Paloh Tok Ku,Kuala Terengganu,20050,Terengganu
15403,Kampung Paloh Tuan Sulong,Kuala Terengganu,20050,Terengganu
15404,Kampung Panji,Kuala Terengganu,20050,Terengganu
15405,Kampung Pengadang Baru,Kuala Terengganu,20050,Terengganu
15406,Kampung Pengkalan Setar,Kuala Terengganu,20050,Terengganu
15407,Kampung Pulau Musang,Kuala Terengganu,20050,Terengganu
15408,Kampung Pulau Rusa,Kuala Terengganu,20050,Terengganu
15409,Kampung Pulau Rusa Masjid,Kuala Terengganu,20050,Terengganu
15410,Kampung Pulau Rusa Rang,Kuala Terengganu,20050,Terengganu
15411,Kampung Pulau Rusa Sekolah,Kuala Terengganu,20050,Terengganu
15412,Kampung Pulau Rusa Wan Nik,Kuala Terengganu,20050,Terengganu
15413,Kampung Serada,Kuala Terengganu,20050,Terengganu
15414,Kampung Sungai Pinang,Kuala Terengganu,20050,Terengganu
15415,Kampung Sungai Rengas,Kuala Terengganu,20050,Terengganu
15416,Kampung Telok Paku,Kuala Terengganu,20050,Terengganu
15417,Kampung Tirok,Kuala Terengganu,20050,Terengganu
15418,Kampung Titian Hangus,Kuala Terengganu,20050,Terengganu
15419,Kampung Tok Badir,Kuala Terengganu,20050,Terengganu
15420,Kampung Tok Jamal,Kuala Terengganu,20050,Terengganu
15421,Kampung Tok Kaya,Kuala Terengganu,20050,Terengganu
15422,Kampung Tuan Nong,Kuala Terengganu,20050,Terengganu
15423,Kampung Wakaf  Beruas,Kuala Terengganu,20050,Terengganu
15424,Kampung Wakaf Che Kapor,Kuala Terengganu,20050,Terengganu
15425,Kampung Wakaf Mempelam,Kuala Terengganu,20050,Terengganu
15426,Taman Seri Paloh,Kuala Terengganu,20050,Terengganu
15427,Taman Setia Durian Burong,Kuala Terengganu,20050,Terengganu
15428,Kampung Pengkalan Star,Kuala Terengganu,20050,Terengganu
15429,Kampung Masjid,Kuala Terengganu,20100,Terengganu
15430,Kampung Paya Keladi,Kuala Terengganu,20100,Terengganu
15431,Kampung Surau Puteh,Kuala Terengganu,20100,Terengganu
15432,Kampung Surau Wan Su,Kuala Terengganu,20100,Terengganu
15433,Kampung Telaga Panchor,Kuala Terengganu,20100,Terengganu
15434,Kampung Tiong,Kuala Terengganu,20100,Terengganu
15435,Kedai Payang,Kuala Terengganu,20100,Terengganu
15436,Komplek Niaga Paya Bunga,Kuala Terengganu,20100,Terengganu
15437,Lorong Haji Jamil,Kuala Terengganu,20100,Terengganu
15438,Penguatkuasa Akta Penanaman Padi,Kuala Terengganu,20100,Terengganu
15439,Pusat Perniagaan Paya Keladi,Kuala Terengganu,20100,Terengganu
15440,Jalan Bandar,Kuala Terengganu,20100,Terengganu
15441,Jalan Banggol,Kuala Terengganu,20100,Terengganu
15442,Jalan Belakang Kampung China,Kuala Terengganu,20100,Terengganu
15443,Jalan Jail,Kuala Terengganu,20100,Terengganu
15444,Jalan Kampung Dalam,Kuala Terengganu,20100,Terengganu
15445,Jalan Kampung Tiong,Kuala Terengganu,20100,Terengganu
15446,Jalan Kubor,Kuala Terengganu,20100,Terengganu
15447,Jalan Masjid Abidin,Kuala Terengganu,20100,Terengganu
15448,Jalan Pantai,Kuala Terengganu,20100,Terengganu
15449,Jalan Syed Hussein,Kuala Terengganu,20100,Terengganu
15450,Jalan Tok Lam,Kuala Terengganu,20100,Terengganu
15451,Kampung Banggol,Kuala Terengganu,20100,Terengganu
15452,Kampung Jail,Kuala Terengganu,20100,Terengganu
15453,Jabatan Bekalan Air,Kuala Terengganu,20200,Terengganu
15454,Jabatan Hal Ehwal Kesatuan Sekerja,Kuala Terengganu,20200,Terengganu
15455,Jabatan Hutan Daerah Terengganu Utara,Kuala Terengganu,20200,Terengganu
15456,Jalan Pejabat,Kuala Terengganu,20200,Terengganu
15457,Jalan Sultan Ismail,Kuala Terengganu,20200,Terengganu
15458,Jawatankuasa Keselamatan Negeri,Kuala Terengganu,20200,Terengganu
15459,Kampung Paya Bunga,Kuala Terengganu,20200,Terengganu
15460,Lembaga Kemajuan Perindustrian (MIDA),Kuala Terengganu,20200,Terengganu
15461,Lembaga Pasaran & Perusahaan Getah,Kuala Terengganu,20200,Terengganu
15462,Lembaga Pelesenan Kenderaan (LPKP),Kuala Terengganu,20200,Terengganu
15463,Lembaga Pelesenan Minyak Sawit,Kuala Terengganu,20200,Terengganu
15464,Lembaga Pemasaran Pertanian,Kuala Terengganu,20200,Terengganu
15465,Lembaga Tabung Haji,Kuala Terengganu,20200,Terengganu
15466,Majlis Perbandaran Kuala Terengganu,Kuala Terengganu,20200,Terengganu
15467,Muasasah Gadaian Islam,Kuala Terengganu,20200,Terengganu
15468,Pejabat Pelancungan Malaysia  (TDC),Kuala Terengganu,20200,Terengganu
15469,Perbadanan Kemajuan Iktisad Negeri Terengganu,Kuala Terengganu,20200,Terengganu
15470,Pusat Khidmat Kontraktor,Kuala Terengganu,20200,Terengganu
15471,Unit Kontrak Penyelenggaraan & Bumiputera,Kuala Terengganu,20200,Terengganu
15472,Unit Perpaduan Ummah,Kuala Terengganu,20200,Terengganu
15473,Wisma Persekutuan,Kuala Terengganu,20200,Terengganu
15474,Jabatan Pertanian Daerah,Kuala Terengganu,20300,Terengganu
15475,Jalan Air Jernih,Kuala Terengganu,20300,Terengganu
15476,Jalan Batas Baru,Kuala Terengganu,20300,Terengganu
15477,Jalan Cherong Lanjut,Kuala Terengganu,20300,Terengganu
15478,Jalan Hilir,Kuala Terengganu,20300,Terengganu
15479,Jalan Kota Lama,Kuala Terengganu,20300,Terengganu
15480,Jalan Mengadang Akar,Kuala Terengganu,20300,Terengganu
15481,Jalan Sultan Omar,Kuala Terengganu,20300,Terengganu
15482,Jalan Syed Zain,Kuala Terengganu,20300,Terengganu
15483,Jalan Tekukor,Kuala Terengganu,20300,Terengganu
15484,Kampung Balik Bukit,Kuala Terengganu,20300,Terengganu
15485,Kampung Batas Baru,Kuala Terengganu,20300,Terengganu
15486,Kampung Bukit Jambol,Kuala Terengganu,20300,Terengganu
15487,Kampung Paya Tok Ber,Kuala Terengganu,20300,Terengganu
15488,Kampung Pengadang Akar,Kuala Terengganu,20300,Terengganu
15489,Kampung Pulau Kambing,Kuala Terengganu,20300,Terengganu
15490,Kampung Titian Lembut,Kuala Terengganu,20300,Terengganu
15491,Pejabat Felda,Kuala Terengganu,20300,Terengganu
15492,Pejabat Shah Bandar Pantai Timur,Kuala Terengganu,20300,Terengganu
15493,Taman Dalya,Kuala Terengganu,20300,Terengganu
15494,Taman Hajjah Kelsom,Kuala Terengganu,20300,Terengganu
15495,Taman Terkukur,Kuala Terengganu,20300,Terengganu
15496,Yayasan Terengganu,Kuala Terengganu,20300,Terengganu
15497,Jalan Dato Amar,Kuala Terengganu,20400,Terengganu
15498,Jalan Haji Busu,Kuala Terengganu,20400,Terengganu
15499,Jalan Hospital,Kuala Terengganu,20400,Terengganu
15500,Jalan Kamaruddin,Kuala Terengganu,20400,Terengganu
15501,Jalan Kenanga,Kuala Terengganu,20400,Terengganu
15502,Jalan Peranginan,Kuala Terengganu,20400,Terengganu
15503,Jalan Pusara,Kuala Terengganu,20400,Terengganu
15504,Jalan Sultan Mahmud,Kuala Terengganu,20400,Terengganu
15505,Kampung Banggol Tok Mudin,Kuala Terengganu,20400,Terengganu
15506,Kampung Batu Burok,Kuala Terengganu,20400,Terengganu
15507,Kampung Gong Kemunting,Kuala Terengganu,20400,Terengganu
15508,Kampung Kolam Kuala Ibai,Kuala Terengganu,20400,Terengganu
15509,Kampung Kuala Ibai,Kuala Terengganu,20400,Terengganu
15510,Kampung Ladang Hospital,Kuala Terengganu,20400,Terengganu
15511,Kampung Ladang Sheikh Ibrahim,Kuala Terengganu,20400,Terengganu
15512,Kampung Ladang Sihat,Kuala Terengganu,20400,Terengganu
15513,Kampung Masjid Batu Burok,Kuala Terengganu,20400,Terengganu
15514,Kampung Mengabang Tengah,Kuala Terengganu,20400,Terengganu
15515,Kampung Mengabang Tengah Masjid,Kuala Terengganu,20400,Terengganu
15516,Kampung Pantai Kuala Ibai,Kuala Terengganu,20400,Terengganu
15517,Kampung Telok Tok Adis,Kuala Terengganu,20400,Terengganu
15518,Lembaga Tembakau Negara,Kuala Terengganu,20400,Terengganu
15519,Lorong Budiman,Kuala Terengganu,20400,Terengganu
15520,Lorong Haji Da,Kuala Terengganu,20400,Terengganu
15521,Lorong Pandan,Kuala Terengganu,20400,Terengganu
15522,Lorong Temasya Pantai,Kuala Terengganu,20400,Terengganu
15523,Taman Jaya,Kuala Terengganu,20400,Terengganu
15524,Taman Purnama,Kuala Terengganu,20400,Terengganu
15525,Taman Salimor 2,Kuala Terengganu,20400,Terengganu
15526,Taman Seri Pantai,Kuala Terengganu,20400,Terengganu
15527,DYMM Sultan Terengganu,Kuala Terengganu,20500,Terengganu
15528,Biro Tata Negara Terengganu,Kuala Terengganu,20502,Terengganu
15529,YAB Menteri Besar Terengganu,Kuala Terengganu,20502,Terengganu
15530,Majlis Sukan Negeri,Kuala Terengganu,20503,Terengganu
15531,Setiausaha Kerajaan Negeri,Kuala Terengganu,20503,Terengganu
15532,Unit Perancang Ekonomi,Kuala Terengganu,20503,Terengganu
15533,Biro Pengaduan Awam,Kuala Terengganu,20505,Terengganu
15534,Mahkamah Tinggi,Kuala Terengganu,20506,Terengganu
15535,Amanah Raya Berhad,Kuala Terengganu,20508,Terengganu
15536,Biro Bantuan Guaman,Kuala Terengganu,20504,Terengganu
15537,Jabatan Perangkaan,Kuala Terengganu,20514,Terengganu
15538,Penasihat Undang-Undang Negeri,Kuala Terengganu,20512,Terengganu
15539,Jabatan Perpaduan Negara,Kuala Terengganu,20517,Terengganu
15540,Jabatan Pemegang Harta,Kuala Terengganu,20516,Terengganu
15541,Ketua Audit Negeri,Kuala Terengganu,20518,Terengganu
15542,Majlis Agama Islam Terengganu,Kuala Terengganu,20519,Terengganu
15543,SuruhanJaya Perkhidmatan Awam,Kuala Terengganu,20520,Terengganu
15544,Jabatan Sumber Manusia,Kuala Terengganu,20532,Terengganu
15545,Jabatan Perhubungan Perusahaan,Kuala Terengganu,20536,Terengganu
15546,Jabatan Kilang & Jentera,Kuala Terengganu,20534,Terengganu
15547,Jabatan Tenaga Rakyat,Kuala Terengganu,20540,Terengganu
15548,Pejabat Rela Negeri,Kuala Terengganu,20546,Terengganu
15549,Jabatan Keselamatan Sosial (Perkeso),Kuala Terengganu,20538,Terengganu
15550,Pendaftar Kesatuan Sekerja,Kuala Terengganu,20542,Terengganu
15551,Jabatan Hal Ehwal Orang Asli,Kuala Terengganu,20548,Terengganu
15552,Jabatan Pendaftaran Negara,Kuala Terengganu,20551,Terengganu
15553,Jabatan Imigresen,Kuala Terengganu,20550,Terengganu
15554,Jabatan Pendaftar Pertubuhan,Kuala Terengganu,20552,Terengganu
15555,Jabatan Pertahanan Awam,Kuala Terengganu,20556,Terengganu
15556,Percetakan Nasional Berhad,Kuala Terengganu,20554,Terengganu
15557,Ketua Polis Negeri,Kuala Terengganu,20560,Terengganu
15558,Perpustakaan Awam Negeri,Kuala Terengganu,20572,Terengganu
15559,Jabatan Belia & Sukan,Kuala Terengganu,20570,Terengganu
15560,Pusat Latihan Belia Negeri,Kuala Terengganu,20570,Terengganu
15561,Jabatan Kebajikan Masyarakat,Kuala Terengganu,20564,Terengganu
15562,Jabatan Arkib Negara,Kuala Terengganu,20568,Terengganu
15563,Jabatan Tanah & Galian,Kuala Terengganu,20576,Terengganu
15564,Jabatan Muzium,Kuala Terengganu,20566,Terengganu
15565,Jabatan Ukur & Pemetaan,Kuala Terengganu,20578,Terengganu
15566,Jabatan Kerja Raya,Kuala Terengganu,20582,Terengganu
15567,Hospital Kuala Terengganu,Kuala Terengganu,20586,Terengganu
15568,Jabatan Kesihatan,Kuala Terengganu,20590,Terengganu
15569,Jabatan Penilaian Harta,Kuala Terengganu,20592,Terengganu
15570,Pegawai Kewangan Negeri,Kuala Terengganu,20592,Terengganu
15571,Akauntan Negeri,Kuala Terengganu,20596,Terengganu
15572,Jabatan Kastam & Eksais Di Raja,Kuala Terengganu,20596,Terengganu
15573,Jabatan Kemajuan Masyarakat (Kemas),Kuala Terengganu,20606,Terengganu
15574,Jabatan Penyiaran,Kuala Terengganu,20614,Terengganu
15575,Jabatan Penerangan,Kuala Terengganu,20612,Terengganu
15576,Jabatan Pengangkutan Jalan,Kuala Terengganu,20620,Terengganu
15577,Penguatkuasa Kementerian Perdagangan Dalam Negeri,Kuala Terengganu,20622,Terengganu
15578,Bahagian Pelesenan - Kementerian Penerangan,Kuala Terengganu,20610,Terengganu
15579,Lembaga Hasil Dalam Negeri,Kuala Terengganu,20600,Terengganu
15580,Jabatan Pendidikan,Kuala Terengganu,20604,Terengganu
15581,Ketua Nazir Sekolah Persekutuan,Kuala Terengganu,20604,Terengganu
15582,Pejabat Mara Negeri,Kuala Terengganu,20609,Terengganu
15583,Jabatan Pembangunan Koperasi,Kuala Terengganu,20608,Terengganu
15584,Jabatan Penerbangan Awam,Kuala Terengganu,20618,Terengganu
15585,Jabatan Perikanan,Kuala Terengganu,20628,Terengganu
15586,Jabatan Pengairan & Saliran,Kuala Terengganu,20626,Terengganu
15587,Jabatan Pertanian,Kuala Terengganu,20632,Terengganu
15588,Jabatan Haiwan,Kuala Terengganu,20630,Terengganu
15589,Jabatan Perancang Bandar & Desa,Kuala Terengganu,20646,Terengganu
15590,Jabatan Bomba & Penyelamat,Kuala Terengganu,20648,Terengganu
15591,Jabatan Kajibumi,Kuala Terengganu,20658,Terengganu
15592,Jabatan Alam Sekitar Negeri,Kuala Terengganu,20662,Terengganu
15593,Jabatan Kajicuaca,Kuala Terengganu,20662,Terengganu
15594,Jabatan Kimia,Kuala Terengganu,20662,Terengganu
15595,Padi & Beras Nasional (Bernas),Kuala Terengganu,20661,Terengganu
15596,Jabatan Galian,Kuala Terengganu,20656,Terengganu
15597,Jabatan Perhilitan,Kuala Terengganu,20664,Terengganu
15598,Jabatan Perhutanan,Kuala Terengganu,20660,Terengganu
15599,Jabatan Telekom Timur,Kuala Terengganu,20668,Terengganu
15600,Pos Malaysia Berhad,Kuala Terengganu,20670,Terengganu
15601,Telekom Malaysia Berhad,Kuala Terengganu,20672,Terengganu
15602,Jabatan Agama Islam Terengganu,Kuala Terengganu,20676,Terengganu
15603,Pegawai Kemajuan Negeri,Kuala Terengganu,20674,Terengganu
15604,Tenaga Nasional Berhad,Kuala Terengganu,20673,Terengganu
15605,Dewan Undangan Negeri,Kuala Terengganu,20680,Terengganu
15606,Suruhanjaya Pilihan Raya Negeri,Kuala Terengganu,20690,Terengganu
15607,Kumpulan Wang Simpanan Pekerja,Kuala Terengganu,20698,Terengganu
15608,Kuala Terengganu - Peti surat   1 - 3,Kuala Terengganu,20700,Terengganu
15609,Kuala Terengganu - Peti surat 19 - 42,Kuala Terengganu,20700,Terengganu
15610,Kuala Terengganu - Peti surat 44 - 49,Kuala Terengganu,20700,Terengganu
15611,Kuala Terengganu - Peti surat 5 - 17,Kuala Terengganu,20700,Terengganu
15612,Kuala Terengganu - Peti surat 52 - 55,Kuala Terengganu,20700,Terengganu
15613,Kuala Terengganu - Peti surat 58 - 62,Kuala Terengganu,20700,Terengganu
15614,Kuala Terengganu - Peti surat 64,Kuala Terengganu,20700,Terengganu
15615,Kuala Terengganu - Peti surat 69 - 80,Kuala Terengganu,20700,Terengganu
15616,Kuala Terengganu - Peti surat 123 - 125,Kuala Terengganu,20710,Terengganu
15617,Kuala Terengganu - Peti surat 128 - 160,Kuala Terengganu,20710,Terengganu
15618,Kuala Terengganu - Peti surat 81 - 89,Kuala Terengganu,20710,Terengganu
15619,Kuala Terengganu - Peti surat 91- 121,Kuala Terengganu,20710,Terengganu
15620,Kuala Terengganu - Peti surat 161  & ke atas,Kuala Terengganu,20720,Terengganu
15621,Kuala Terengganu - Peti surat 43,Kuala Terengganu,20904,Terengganu
15622,Kuala Terengganu - Peti surat  4,Kuala Terengganu,20900,Terengganu
15623,Kuala Terengganu - Peti surat 18,Kuala Terengganu,20902,Terengganu
15624,Kuala Terengganu - Peti surat 50,Kuala Terengganu,20906,Terengganu
15625,Kuala Terengganu - Peti surat 51,Kuala Terengganu,20908,Terengganu
15626,Kuala Terengganu - Peti surat 56,Kuala Terengganu,20910,Terengganu
15627,Kuala Terengganu - Peti surat 63,Kuala Terengganu,20914,Terengganu
15628,Kuala Terengganu - Peti surat 57,Kuala Terengganu,20912,Terengganu
15629,Kuala Terengganu - Peti surat 67,Kuala Terengganu,20920,Terengganu
15630,Kuala Terengganu - Peti surat 65,Kuala Terengganu,20916,Terengganu
15631,Kuala Terengganu - Peti surat 66,Kuala Terengganu,20918,Terengganu
15632,Kuala Terengganu - Peti surat 68,Kuala Terengganu,20922,Terengganu
15633,Kuala Terengganu - Peti surat 90,Kuala Terengganu,20924,Terengganu
15634,Kuala Terengganu - Peti surat 122,Kuala Terengganu,20926,Terengganu
15635,Kuala Terengganu - Peti surat 127,Kuala Terengganu,20930,Terengganu
15636,Kuala Terengganu - Peti surat 126,Kuala Terengganu,20928,Terengganu
15637,Kuala Terengganu - Beg berkunci,Kuala Terengganu,20990,Terengganu
15638,Jalan Losong Masjid,Kuala Terengganu,21000,Terengganu
15639,Jalan Seb Baroh Kanan,Kuala Terengganu,21000,Terengganu
15640,Jalan Siakap,Kuala Terengganu,21000,Terengganu
15641,Kampung Bukit Losong,Kuala Terengganu,21000,Terengganu
15642,Kampung Bukit Tangki Ayer,Kuala Terengganu,21000,Terengganu
15643,Kampung Hiliran Binjai Besar,Kuala Terengganu,21000,Terengganu
15644,Kampung Hiliran Masjid,Kuala Terengganu,21000,Terengganu
15645,Kampung Hiliran Parit Gali,Kuala Terengganu,21000,Terengganu
15646,Kampung Hiliran Surau Baru,Kuala Terengganu,21000,Terengganu
15647,Kampung Kubang Buyong,Kuala Terengganu,21000,Terengganu
15648,Kampung Lorong Salak,Kuala Terengganu,21000,Terengganu
15649,Kampung Losong Atap Zing,Kuala Terengganu,21000,Terengganu
15650,Kampung Losong Bata,Kuala Terengganu,21000,Terengganu
15651,Kampung Losong Dato Amar,Kuala Terengganu,21000,Terengganu
15652,Kampung Losong Ebeng,Kuala Terengganu,21000,Terengganu
15653,Kampung Losong Haji Awang,Kuala Terengganu,21000,Terengganu
15654,Kampung Losong Haji Long Hakim,Kuala Terengganu,21000,Terengganu
15655,Kampung Losong Haji Mohd,Kuala Terengganu,21000,Terengganu
15656,Kampung Losong Haji Su,Kuala Terengganu,21000,Terengganu
15657,Kampung Losong Haji Wan Nawang,Kuala Terengganu,21000,Terengganu
15658,Kampung Losong Masjid,Kuala Terengganu,21000,Terengganu
15659,Kampung Losong Megat Husain,Kuala Terengganu,21000,Terengganu
15660,Kampung Losong Pak Bas,Kuala Terengganu,21000,Terengganu
15661,Kampung Losong Panglima Perang,Kuala Terengganu,21000,Terengganu
15662,Kampung Losong Pasir,Kuala Terengganu,21000,Terengganu
15663,Kampung Losong Tangkol Hijau,Kuala Terengganu,21000,Terengganu
15664,Kampung Makam Lama,Kuala Terengganu,21000,Terengganu
15665,Kampung Masjid Tok Ku,Kuala Terengganu,21000,Terengganu
15666,Kampung Padang Hiliran,Kuala Terengganu,21000,Terengganu
15667,Kampung Pulau Sekati,Kuala Terengganu,21000,Terengganu
15668,Kampung Seberang Baroh,Kuala Terengganu,21000,Terengganu
15669,Kampung Seberang Baroh Belukar,Kuala Terengganu,21000,Terengganu
15670,Kampung Seberang Baroh Taliair,Kuala Terengganu,21000,Terengganu
15671,Kampung Tok Ku,Kuala Terengganu,21000,Terengganu
15672,Kuala Hiliran,Kuala Terengganu,21000,Terengganu
15673,Kubang Buyong,Kuala Terengganu,21000,Terengganu
15674,Lorong Ciku,Kuala Terengganu,21000,Terengganu
15675,Lorong Limau,Kuala Terengganu,21000,Terengganu
15676,Lorong Makam Lama,Kuala Terengganu,21000,Terengganu
15677,Lorong Radio Malaysia,Kuala Terengganu,21000,Terengganu
15678,Lorong Stesen Pemancar RTM,Kuala Terengganu,21000,Terengganu
15679,Losong Feri Kiri,Kuala Terengganu,21000,Terengganu
15680,Losong Haji Long,Kuala Terengganu,21000,Terengganu
15681,Losong Haji Mat Shafie,Kuala Terengganu,21000,Terengganu
15682,Losong Lebai Salleh,Kuala Terengganu,21000,Terengganu
15683,Losong Sekolah,Kuala Terengganu,21000,Terengganu
15684,Losong Tepas Mahmud,Kuala Terengganu,21000,Terengganu
15685,Pulau Pak Mat,Kuala Terengganu,21000,Terengganu
15686,Pulau Wan Man,Kuala Terengganu,21000,Terengganu
15687,Simpang Tok Ku,Kuala Terengganu,21000,Terengganu
15688,Chabang Tiga,Kuala Terengganu,21000,Terengganu
15689,Jalan Hiliran Masjid,Kuala Terengganu,21000,Terengganu
15690,Jalan Kosong Ferry,Kuala Terengganu,21000,Terengganu
15691,Jalan Kuala Hiliran,Kuala Terengganu,21000,Terengganu
15692,Chabang Tiga - Beg berkunci,Kuala Terengganu,21009,Terengganu
15693,Kampung Bari Besar,Kuala Terengganu,21010,Terengganu
15694,Kampung Gong Arang,Kuala Terengganu,21010,Terengganu
15695,Kampung Mengabang,Kuala Terengganu,21010,Terengganu
15696,Kampung Rhu Tapai,Kuala Terengganu,21010,Terengganu
15697,Kampung Telaga Papan,Kuala Terengganu,21010,Terengganu
15698,Jalan Batu Rakit,Kuala Terengganu,21020,Terengganu
15699,Jalan Merang,Kuala Terengganu,21020,Terengganu
15700,Kampung Bari Besar,Kuala Terengganu,21020,Terengganu
15701,Kampung Darat Tok Wail,Kuala Terengganu,21020,Terengganu
15702,Kampung Dusun Durian,Kuala Terengganu,21020,Terengganu
15703,Kampung Gelong Gajah,Kuala Terengganu,21020,Terengganu
15704,Kampung Kubor Timah,Kuala Terengganu,21020,Terengganu
15705,Kampung Maras,Kuala Terengganu,21020,Terengganu
15706,Kampung Medan Cengal,Kuala Terengganu,21020,Terengganu
15707,Kampung Mengabang Bakong,Kuala Terengganu,21020,Terengganu
15708,Kampung Mengabang Lekar,Kuala Terengganu,21020,Terengganu
15709,Kampung Mengabang Panjang,Kuala Terengganu,21020,Terengganu
15710,Kampung Mengabang Telong,Kuala Terengganu,21020,Terengganu
15711,Kampung Padang Kemunting,Kuala Terengganu,21020,Terengganu
15712,Kampung Pagar Besi,Kuala Terengganu,21020,Terengganu
15713,Kampung Pancur Kuin,Kuala Terengganu,21020,Terengganu
15714,Kampung Pengkalan Atap,Kuala Terengganu,21020,Terengganu
15715,Kampung Sungai Pimpin,Kuala Terengganu,21020,Terengganu
15716,Kampung Taman Hijrah,Kuala Terengganu,21020,Terengganu
15717,Kampung Tanjung Kedepan,Kuala Terengganu,21020,Terengganu
15718,Kampung Telaga Putat,Kuala Terengganu,21020,Terengganu
15719,PPRT Ru Tapai,Kuala Terengganu,21020,Terengganu
15720,Taman Perumahan Lembah Bidong,Kuala Terengganu,21020,Terengganu
15721,Tapah,Kuala Terengganu,21020,Terengganu
15722,Jalan Bakti Simpang Tiga Kubang Badak,Kuala Terengganu,21030,Terengganu
15723,Jalan Sekolah Rendah Gong Badak,Kuala Terengganu,21030,Terengganu
15724,Kampung Gong Benjok,Kuala Terengganu,21030,Terengganu
15725,Kampung Gong Datok,Kuala Terengganu,21030,Terengganu
15726,Kampung Kubang Badak (Jalan Pantai),Kuala Terengganu,21030,Terengganu
15727,Kampung Pak Tuyu,Kuala Terengganu,21030,Terengganu
15728,Kampung Tanjong Gelang,Kuala Terengganu,21030,Terengganu
15729,Kampung Wakaf Cagak,Kuala Terengganu,21030,Terengganu
15730,Kampung Wakaf Tengah,Kuala Terengganu,21030,Terengganu
15731,Maktab Perguruan Kuala Terengganu,Kuala Terengganu,21030,Terengganu
15732,Maktab Rendah Sains Mara,Kuala Terengganu,21030,Terengganu
15733,Mengabang Telipot,Kuala Terengganu,21030,Terengganu
15734,Simpang Tiga Kubang Badak,Kuala Terengganu,21030,Terengganu
15735,Taman Baiduri,Kuala Terengganu,21030,Terengganu
15736,Taman Indah Wangsa,Kuala Terengganu,21030,Terengganu
15737,Taman Seri Nenas,Kuala Terengganu,21030,Terengganu
15738,Kampung Bukit Chempedak,Kuala Terengganu,21040,Terengganu
15739,Kampung Bukit Kolam,Kuala Terengganu,21040,Terengganu
15740,Kampung Cherang Gajah,Kuala Terengganu,21040,Terengganu
15741,Kampung Durian Guling,Kuala Terengganu,21040,Terengganu
15742,Kampung Jerong Surau,Kuala Terengganu,21040,Terengganu
15743,Kampung Jerong Tuan,Kuala Terengganu,21040,Terengganu
15744,Kampung Kayu Arang,Kuala Terengganu,21040,Terengganu
15745,Kampung Kuala Bekah (Pengkalan Berangan),Kuala Terengganu,21040,Terengganu
15746,Kampung Lubok Batu (Wakaf Tapai),Kuala Terengganu,21040,Terengganu
15747,Kampung Pengkalan Berangan,Kuala Terengganu,21040,Terengganu
15748,Kampung Tanggol,Kuala Terengganu,21040,Terengganu
15749,Kampung Tapu,Kuala Terengganu,21040,Terengganu
15750,Kampung Temala,Kuala Terengganu,21040,Terengganu
15751,Kampung Wakaf Tapai,Kuala Terengganu,21040,Terengganu
15752,Pusat  Perikanan & Sains,Kuala Terengganu,21040,Terengganu
15753,Kampung Alor Gemia,Kuala Terengganu,21060,Terengganu
15754,Kampung Banggol Nyour,Kuala Terengganu,21060,Terengganu
15755,Kampung Bukit ChemPaka,Kuala Terengganu,21060,Terengganu
15756,Kampung Bukit Guntong,Kuala Terengganu,21060,Terengganu
15757,Kampung Bukit Kubor,Kuala Terengganu,21060,Terengganu
15758,Kampung Bukit Nangka,Kuala Terengganu,21060,Terengganu
15759,Kampung Bukit Nenas,Kuala Terengganu,21060,Terengganu
15760,Kampung Gemuroh,Kuala Terengganu,21060,Terengganu
15761,Kampung Jeram Hilir,Kuala Terengganu,21060,Terengganu
15762,Kampung Jeram Hulu,Kuala Terengganu,21060,Terengganu
15763,Kampung Padang Baloh,Kuala Terengganu,21060,Terengganu
15764,Kampung Padang Hangus,Kuala Terengganu,21060,Terengganu
15765,Kampung Pagar Ubi,Kuala Terengganu,21060,Terengganu
15766,Kampung Pondok Lalang,Kuala Terengganu,21060,Terengganu
15767,Kampung Raja Tepoh,Kuala Terengganu,21060,Terengganu
15768,Kampung Sungai Ikan,Kuala Terengganu,21060,Terengganu
15769,Kampung Tepoh,Kuala Terengganu,21060,Terengganu
15770,Kampung Tok Ban,Kuala Terengganu,21060,Terengganu
15771,Kampung Wakaf Gomok,Kuala Terengganu,21060,Terengganu
15772,Tepoh,Kuala Terengganu,21060,Terengganu
15773,Atas Tol,Kuala Terengganu,21070,Terengganu
15774,Kampung Alor,Kuala Terengganu,21070,Terengganu
15775,Kampung Alor Tempoyak,Kuala Terengganu,21070,Terengganu
15776,Kampung Atas Tol,Kuala Terengganu,21070,Terengganu
15777,Kampung Bawah Atas Tol,Kuala Terengganu,21070,Terengganu
15778,Kampung Kedai Buloh,Kuala Terengganu,21070,Terengganu
15779,Kampung Titian Baharu,Kuala Terengganu,21070,Terengganu
15780,Chendering,Kuala Terengganu,21080,Terengganu
15781,Institut Latihan Perikanan,Kuala Terengganu,21080,Terengganu
15782,Institut Piawaian Malaysia (SIRIM),Kuala Terengganu,21080,Terengganu
15783,Kampung Belukar Jambu,Kuala Terengganu,21080,Terengganu
15784,Kampung Bukit Batu Puteh,Kuala Terengganu,21080,Terengganu
15785,Kampung Bukit Chendering,Kuala Terengganu,21080,Terengganu
15786,Kampung Chendering,Kuala Terengganu,21080,Terengganu
15787,Kampung Ketapang,Kuala Terengganu,21080,Terengganu
15788,Kampung Kubang Ikan,Kuala Terengganu,21080,Terengganu
15789,Kampung Laut,Kuala Terengganu,21080,Terengganu
15790,Kampung Pengkalan Raja Wali,Kuala Terengganu,21080,Terengganu
15791,Kampung Raja Chendering,Kuala Terengganu,21080,Terengganu
15792,Kampung Rusila,Kuala Terengganu,21080,Terengganu
15793,Kampung Sendong,Kuala Terengganu,21080,Terengganu
15794,Kampung Wakaf Tok Keh,Kuala Terengganu,21080,Terengganu
15795,Kubang Ikan,Kuala Terengganu,21080,Terengganu
15796,Lembaga Kemajuan Ikan (LKIM),Kuala Terengganu,21080,Terengganu
15797,Pusat Penyelidikan Ikan,Kuala Terengganu,21080,Terengganu
15798,Rusila,Kuala Terengganu,21080,Terengganu
15799,Taman Aquarius,Kuala Terengganu,21080,Terengganu
15800,Taman Desa Jaya,Kuala Terengganu,21080,Terengganu
15801,Taman Medan Jaya,Kuala Terengganu,21080,Terengganu
15802,Taman Permin Jaya,Kuala Terengganu,21080,Terengganu
15803,Pulau Redang,Kuala Terengganu,21090,Terengganu
15804,Lorong Surau Baharu,Kuala Terengganu,21100,Terengganu
15805,Lorong Tembesu,Kuala Terengganu,21100,Terengganu
15806,Lorong Tunku Ahmad,Kuala Terengganu,21100,Terengganu
15807,Sekolah Menengah Sains Terengganu,Kuala Terengganu,21100,Terengganu
15808,Pusat Membeli Belah Giant,Kuala Terengganu,21100,Terengganu
15809,Taman Budaya,Kuala Terengganu,21100,Terengganu
15810,Taman Had,Kuala Terengganu,21100,Terengganu
15811,Taman Salimor 1,Kuala Terengganu,21100,Terengganu
15812,Bukit Besar,Kuala Terengganu,21100,Terengganu
15813,Gong Kapas,Kuala Terengganu,21100,Terengganu
15814,Jalan Bukit Kechil,Kuala Terengganu,21100,Terengganu
15815,Jalan Dato Bentara Setia,Kuala Terengganu,21100,Terengganu
15816,Jalan Gong Penaga,Kuala Terengganu,21100,Terengganu
15817,Jalan Ibrahim,Kuala Terengganu,21100,Terengganu
15818,Jalan Panji Alam,Kuala Terengganu,21100,Terengganu
15819,Jalan Pintasan,Kuala Terengganu,21100,Terengganu
15820,Jalan Sultan Mohamad,Kuala Terengganu,21100,Terengganu
15821,Kampung Bukit Bayas,Kuala Terengganu,21100,Terengganu
15822,Kampung Bukit Besar,Kuala Terengganu,21100,Terengganu
15823,Kampung Bukit Depu,Kuala Terengganu,21100,Terengganu
15824,Kampung Bukit Kechil,Kuala Terengganu,21100,Terengganu
15825,Kampung Bukit Tanah,Kuala Terengganu,21100,Terengganu
15826,Kampung Cik Damat,Kuala Terengganu,21100,Terengganu
15827,Kampung Gelong Bilal,Kuala Terengganu,21100,Terengganu
15828,Kampung Gong Baru,Kuala Terengganu,21100,Terengganu
15829,Kampung Gong Kapas,Kuala Terengganu,21100,Terengganu
15830,Kampung Gong Nangka,Kuala Terengganu,21100,Terengganu
15831,Kampung Gong Pak Maseh,Kuala Terengganu,21100,Terengganu
15832,Kampung Gong Parit,Kuala Terengganu,21100,Terengganu
15833,Kampung Gong Penaga,Kuala Terengganu,21100,Terengganu
15834,Kampung Gong Tok Nasek,Kuala Terengganu,21100,Terengganu
15835,Kampung Kubor Kechil,Kuala Terengganu,21100,Terengganu
15836,Kampung Nibong,Kuala Terengganu,21100,Terengganu
15837,Kampung Padang,Kuala Terengganu,21100,Terengganu
15838,Kampung Pasir Panjang,Kuala Terengganu,21100,Terengganu
15839,Kampung Paya Jambol,Kuala Terengganu,21100,Terengganu
15840,Kampung Seberang Bukit Bayas,Kuala Terengganu,21100,Terengganu
15841,Kampung Sungai Durhaka,Kuala Terengganu,21100,Terengganu
15842,Lorong Beringin,Kuala Terengganu,21100,Terengganu
15843,Lorong Gemia Rendang,Kuala Terengganu,21100,Terengganu
15844,Lorong Jambu,Kuala Terengganu,21100,Terengganu
15845,Lorong Kemunting,Kuala Terengganu,21100,Terengganu
15846,Lorong Masjid Haji Kadir,Kuala Terengganu,21100,Terengganu
15847,Lorong Masjid Raja,Kuala Terengganu,21100,Terengganu
15848,Lorong Paya Jambol,Kuala Terengganu,21100,Terengganu
15849,Lorong Sagu,Kuala Terengganu,21100,Terengganu
15850,Taman Telok Adis Indah,Kuala Terengganu,21100,Terengganu
15851,Gong Kapas - Beg berkunci,Kuala Terengganu,21109,Terengganu
15852,Batu Enam,Kuala Terengganu,21200,Terengganu
15853,Belara,Kuala Terengganu,21200,Terengganu
15854,Binjai Manis,Kuala Terengganu,21200,Terengganu
15855,Jalan Kelantan (Km 7 - 13),Kuala Terengganu,21200,Terengganu
15856,Kampung Banggol Ayer Lilih,Kuala Terengganu,21200,Terengganu
15857,Kampung Banggol Dama,Kuala Terengganu,21200,Terengganu
15858,Kampung Banggol Limau,Kuala Terengganu,21200,Terengganu
15859,Kampung Banggol Manir,Kuala Terengganu,21200,Terengganu
15860,Kampung Banggol Tuan Muda,Kuala Terengganu,21200,Terengganu
15861,Kampung Baru Tetambah,Kuala Terengganu,21200,Terengganu
15862,Kampung Batu Hampar,Kuala Terengganu,21200,Terengganu
15863,Kampung Batu Lapan,Kuala Terengganu,21200,Terengganu
15864,Kampung Beladau Kolam,Kuala Terengganu,21200,Terengganu
15865,Kampung Bukit Datu,Kuala Terengganu,21200,Terengganu
15866,Kampung Bukit Kandis,Kuala Terengganu,21200,Terengganu
15867,Kampung Bukit Petiti Belara,Kuala Terengganu,21200,Terengganu
15868,Kampung Bukit Seraman,Kuala Terengganu,21200,Terengganu
15869,Kampung Bukit Tok Ris,Kuala Terengganu,21200,Terengganu
15870,Kampung Bukit Tumboh,Kuala Terengganu,21200,Terengganu
15871,Kampung Bukit Tunggal,Kuala Terengganu,21200,Terengganu
15872,Kampung Buloh Gading,Kuala Terengganu,21200,Terengganu
15873,Kampung Durian Mas,Kuala Terengganu,21200,Terengganu
15874,Kampung Dusun,Kuala Terengganu,21200,Terengganu
15875,Kampung Dusun Pinang,Kuala Terengganu,21200,Terengganu
15876,Kampung Dusun Tembakan,Kuala Terengganu,21200,Terengganu
15877,Kampung Gong Kijang,Kuala Terengganu,21200,Terengganu
15878,Kampung Gong Pak Damak,Kuala Terengganu,21200,Terengganu
15879,Kampung Gong Sentol,Kuala Terengganu,21200,Terengganu
15880,Kampung Jeram,Kuala Terengganu,21200,Terengganu
15881,Kampung Kebor Ayer,Kuala Terengganu,21200,Terengganu
15882,Kampung Kebor Besar,Kuala Terengganu,21200,Terengganu
15883,Kampung Kedai Manir,Kuala Terengganu,21200,Terengganu
15884,Kampung Kesom,Kuala Terengganu,21200,Terengganu
15885,Kampung Kesom Che Nordin,Kuala Terengganu,21200,Terengganu
15886,Kampung Kesom Padang Tambak,Kuala Terengganu,21200,Terengganu
15887,Kampung Kota,Kuala Terengganu,21200,Terengganu
15888,Kampung Kuala Belara,Kuala Terengganu,21200,Terengganu
15889,Kampung Kubang Bujok,Kuala Terengganu,21200,Terengganu
15890,Kampung Kubang Ikan,Kuala Terengganu,21200,Terengganu
15891,Kampung Kubang Jela,Kuala Terengganu,21200,Terengganu
15892,Kampung Kubang Tepak,Kuala Terengganu,21200,Terengganu
15893,Kampung Masjid Haji Hussin,Kuala Terengganu,21200,Terengganu
15894,Kampung Padang Machang,Kuala Terengganu,21200,Terengganu
15895,Kampung Padang Tenger,Kuala Terengganu,21200,Terengganu
15896,Kampung Padang Ujib,Kuala Terengganu,21200,Terengganu
15897,Kampung Pak Katak,Kuala Terengganu,21200,Terengganu
15898,Kampung Parit Dicap,Kuala Terengganu,21200,Terengganu
15899,Kampung Pasir Tebakang,Kuala Terengganu,21200,Terengganu
15900,Kampung Paya Datu,Kuala Terengganu,21200,Terengganu
15901,Kampung Paya Limau Amas,Kuala Terengganu,21200,Terengganu
15902,Kampung Pelam,Kuala Terengganu,21200,Terengganu
15903,Kampung Pengkalan Arang,Kuala Terengganu,21200,Terengganu
15904,Kampung Pengkalan Batu,Kuala Terengganu,21200,Terengganu
15905,Kampung Peradong,Kuala Terengganu,21200,Terengganu
15906,Kampung Petai Bubus,Kuala Terengganu,21200,Terengganu
15907,Kampung Pujuk,Kuala Terengganu,21200,Terengganu
15908,Kampung Pulau Bahagia,Kuala Terengganu,21200,Terengganu
15909,Kampung Seberang Bukit Tumboh,Kuala Terengganu,21200,Terengganu
15910,Kampung Seberang Tuan Chik Haji,Kuala Terengganu,21200,Terengganu
15911,Kampung Sekati,Kuala Terengganu,21200,Terengganu
15912,Kampung Serdang Baru,Kuala Terengganu,21200,Terengganu
15913,Kampung Tanah Lot (Batu 8),Kuala Terengganu,21200,Terengganu
15914,Kampung Tanjong Bunut,Kuala Terengganu,21200,Terengganu
15915,Kampung Tanjong Sabtu,Kuala Terengganu,21200,Terengganu
15916,Kampung Tanjung Serdang,Kuala Terengganu,21200,Terengganu
15917,Kampung Tebauk,Kuala Terengganu,21200,Terengganu
15918,Kampung Telari,Kuala Terengganu,21200,Terengganu
15919,Kampung Telok Menara,Kuala Terengganu,21200,Terengganu
15920,Kampung Telok Pasu,Kuala Terengganu,21200,Terengganu
15921,Kampung Tengah,Kuala Terengganu,21200,Terengganu
15922,Kampung Tetambah,Kuala Terengganu,21200,Terengganu
15923,Kampung Tok Harun,Kuala Terengganu,21200,Terengganu
15924,Kampung Tualang,Kuala Terengganu,21200,Terengganu
15925,Kampung Wakaf Tembesu,Kuala Terengganu,21200,Terengganu
15926,Manir,Kuala Terengganu,21200,Terengganu
15927,Kampung Bukit Aman,Kuala Terengganu,21210,Terengganu
15928,Kampung Bukit Lawan,Kuala Terengganu,21210,Terengganu
15929,Kampung Bukit Tadok,Kuala Terengganu,21210,Terengganu
15930,Kampung Chepoh,Kuala Terengganu,21210,Terengganu
15931,Kampung Getang,Kuala Terengganu,21210,Terengganu
15932,Kampung Kubang Palas,Kuala Terengganu,21210,Terengganu
15933,Kampung Lubok Batu (Kuala Telemong),Kuala Terengganu,21210,Terengganu
15934,Kampung Naga Mengulor,Kuala Terengganu,21210,Terengganu
15935,Kampung Pulau Manis (Kuala Telemong),Kuala Terengganu,21210,Terengganu
15936,Kampung Tanjong Mesah,Kuala Terengganu,21210,Terengganu
15937,Kampung Tok Iman Lapar,Kuala Terengganu,21210,Terengganu
15938,Manir - Beg berkunci,Kuala Terengganu,21209,Terengganu
15939,Kuala Telemong,Kuala Terengganu,21220,Terengganu
15940,Batalion 104 Infanteri,Kuala Terengganu,21300,Terengganu
15941,Batalion 18 RAMD,Kuala Terengganu,21300,Terengganu
15942,Batu 12 (Jalan Gong Badak),Kuala Terengganu,21300,Terengganu
15943,IBN PGA 9 Kubang Badak,Kuala Terengganu,21300,Terengganu
15944,Jalan Maskayu @ Jalan Tok Jembal,Kuala Terengganu,21300,Terengganu
15945,Jalan Pak Yusof,Kuala Terengganu,21300,Terengganu
15946,Jalan Tanah Lot Wakaf Tembusu,Kuala Terengganu,21300,Terengganu
15947,Kampung Alor Kuda Bukit Tok Beng,Kuala Terengganu,21300,Terengganu
15948,Kampung Banggol Buloh,Kuala Terengganu,21300,Terengganu
15949,Kampung Banggol Pauh,Kuala Terengganu,21300,Terengganu
15950,Kampung Banggol Putat,Kuala Terengganu,21300,Terengganu
15951,Kampung Baru Pusu Tiga,Kuala Terengganu,21300,Terengganu
15952,Kampung Baru Seberang Takir,Kuala Terengganu,21300,Terengganu
15953,Kampung Baru Tok Mer,Kuala Terengganu,21300,Terengganu
15954,Kampung Batu 13 (Jalan Lapangan Terbang),Kuala Terengganu,21300,Terengganu
15955,Kampung Bukit Tok Beng,Kuala Terengganu,21300,Terengganu
15956,Kampung Duyong,Kuala Terengganu,21300,Terengganu
15957,Kampung Duyong Haji Muda,Kuala Terengganu,21300,Terengganu
15958,Kampung Duyong Kecil,Kuala Terengganu,21300,Terengganu
15959,Kampung Duyun Haji Umar,Kuala Terengganu,21300,Terengganu
15960,Kampung Duyung Besar,Kuala Terengganu,21300,Terengganu
15961,Kampung Gong Badak,Kuala Terengganu,21300,Terengganu
15962,Kampung Gong Katut,Kuala Terengganu,21300,Terengganu
15963,Kampung Gong Kuin,Kuala Terengganu,21300,Terengganu
15964,Kampung Guchil,Kuala Terengganu,21300,Terengganu
15965,Kampung Hujung Tanjung Luang,Kuala Terengganu,21300,Terengganu
15966,Kampung Hulur Takur,Kuala Terengganu,21300,Terengganu
15967,Kampung Kayu Kelat,Kuala Terengganu,21300,Terengganu
15968,Kampung Kebun Melaka,Kuala Terengganu,21300,Terengganu
15969,Kampung Kelantan,Kuala Terengganu,21300,Terengganu
15970,Kampung Kubang Badak,Kuala Terengganu,21300,Terengganu
15971,Kampung Padang Ulu Takir,Kuala Terengganu,21300,Terengganu
15972,Kampung Pak Tijah,Kuala Terengganu,21300,Terengganu
15973,Kampung Paya Putat,Kuala Terengganu,21300,Terengganu
15974,Kampung Pengkalan Belat,Kuala Terengganu,21300,Terengganu
15975,Kampung Pengkalan Titian,Kuala Terengganu,21300,Terengganu
15976,Kampung Pulau Duyung @ Kampung Pulau Ketam,Kuala Terengganu,21300,Terengganu
15977,Kampung Seberang Tok Abu,Kuala Terengganu,21300,Terengganu
15978,Kampung Sepetir,Kuala Terengganu,21300,Terengganu
15979,Kampung Tanah Lot Telok Ketapang,Kuala Terengganu,21300,Terengganu
15980,Kampung Tanjong Jaafar,Kuala Terengganu,21300,Terengganu
15981,Kampung Telaga Batin,Kuala Terengganu,21300,Terengganu
15982,Kampung Telaga Daing,Kuala Terengganu,21300,Terengganu
15983,Kampung Telok Ketapang,Kuala Terengganu,21300,Terengganu
15984,Kampung Tok Jembal,Kuala Terengganu,21300,Terengganu
15985,Kampung Tok Mer,Kuala Terengganu,21300,Terengganu
15986,Kampung Ujung Pasir Puteh,Kuala Terengganu,21300,Terengganu
15987,Kubang Badak,Kuala Terengganu,21300,Terengganu
15988,Lapangan Terbang Sultan Mahmud,Kuala Terengganu,21300,Terengganu
15989,Percetakan Yayasan Islam,Kuala Terengganu,21300,Terengganu
15990,Rumah Murah 100,Kuala Terengganu,21300,Terengganu
15991,Rumah Murah 62,Kuala Terengganu,21300,Terengganu
15992,Rumah Murah Gong Badak,Kuala Terengganu,21300,Terengganu
15993,Rumah Murah Telaga Daing,Kuala Terengganu,21300,Terengganu
15994,Seberang Takir,Kuala Terengganu,21300,Terengganu
15995,Taman Desa Permai,Kuala Terengganu,21300,Terengganu
15996,Taman Gong Badak,Kuala Terengganu,21300,Terengganu
15997,Taman Jaya (Seberang Takir),Kuala Terengganu,21300,Terengganu
15998,Taman Salwa,Kuala Terengganu,21300,Terengganu
15999,Taman Setia Damai,Kuala Terengganu,21300,Terengganu
16000,Tanah Lot Batu 10,Kuala Terengganu,21300,Terengganu
16001,Zon Perindustrian Gong Badak,Kuala Terengganu,21300,Terengganu
16002,Seberang Takir - Beg berkunci,Kuala Terengganu,21309,Terengganu
16003,Bukit Payong,Bukit Payong,21400,Terengganu
16004,Kampung Alor Limbat,Bukit Payong,21400,Terengganu
16005,Kampung Banggol Kapas,Bukit Payong,21400,Terengganu
16006,Kampung Banggol Tasek,Bukit Payong,21400,Terengganu
16007,Kampung Binjai Bongkok,Bukit Payong,21400,Terengganu
16008,Kampung Kubang Belukar,Bukit Payong,21400,Terengganu
16009,Kampung Kubang Panjang,Bukit Payong,21400,Terengganu
16010,Kampung Mak Kemas,Bukit Payong,21400,Terengganu
16011,Kampung Nyut-Nyut,Bukit Payong,21400,Terengganu
16012,Kampung Padang Ayer Deras,Bukit Payong,21400,Terengganu
16013,Kampung Padang Kabar,Bukit Payong,21400,Terengganu
16014,Kampung Padang Mengkuang,Bukit Payong,21400,Terengganu
16015,Kampung Padang Midin,Bukit Payong,21400,Terengganu
16016,Kampung Pak Madah,Bukit Payong,21400,Terengganu
16017,Kampung Pantai Ali,Bukit Payong,21400,Terengganu
16018,Kampung Pasir Tinggi,Bukit Payong,21400,Terengganu
16019,Kampung Rawai,Bukit Payong,21400,Terengganu
16020,Kampung Tasek,Bukit Payong,21400,Terengganu
16021,Kampung Tebakang,Bukit Payong,21400,Terengganu
16022,Kampung Telaga Mengkudu,Bukit Payong,21400,Terengganu
16023,Kampung Undang,Bukit Payong,21400,Terengganu
16024,Kampung Wakaf Dua,Bukit Payong,21400,Terengganu
16025,Rejimen 512 - Askar Wataniah,Bukit Payong,21400,Terengganu
16026,Taman Koperasi,Bukit Payong,21400,Terengganu
16027,Taman Mewah,Bukit Payong,21400,Terengganu
16028,Taman Padang Midin,Bukit Payong,21400,Terengganu
16029,Kampung Gong Terap Chalok,Chalok,21450,Terengganu
16030,Kampung Jelapang,Chalok,21450,Terengganu
16031,Kampung Kubang Puyu,Chalok,21450,Terengganu
16032,Kampung Lubuk Panjang,Chalok,21450,Terengganu
16033,Kampung Rahmat,Chalok,21450,Terengganu
16034,Kampung Sungai Lerek,Chalok,21450,Terengganu
16035,Kampung Sungai Pinang,Chalok,21450,Terengganu
16036,Kampung Sungai Rakit,Chalok,21450,Terengganu
16037,Kampung Tapah,Chalok,21450,Terengganu
16038,Kampung Ulu Chalok,Chalok,21450,Terengganu
16039,Kubang Puyu,Chalok,21450,Terengganu
16040,Taman Tasek,Chalok,21450,Terengganu
16041,Chalok,Chalok,21450,Terengganu
16042,Felda Chalok,Chalok,21450,Terengganu
16043,Felda Chalok Barat,Chalok,21450,Terengganu
16044,Kampung Batu Hampar (Chalok),Chalok,21450,Terengganu
16045,Kampung Bukit Kecil,Chalok,21450,Terengganu
16046,Kampung Bukit Layak,Chalok,21450,Terengganu
16047,Kampung Bukit Mak Jintan,Chalok,21450,Terengganu
16048,Kampung Bukit Merah,Chalok,21450,Terengganu
16049,Kampung Bukit Mok Som,Chalok,21450,Terengganu
16050,Kampung Bukit Pinang,Chalok,21450,Terengganu
16051,Kampung Bukit Putera,Chalok,21450,Terengganu
16052,Kampung Bukit Tok Hat,Chalok,21450,Terengganu
16053,Kampung Chabang Bari,Chalok,21450,Terengganu
16054,Kampung Chalok Barat,Chalok,21450,Terengganu
16055,Alor Lik,Sungai Tong,21500,Terengganu
16056,Kampung Banggol Setor,Sungai Tong,21500,Terengganu
16057,Kampung Batu 28,Sungai Tong,21500,Terengganu
16058,Kampung Batu 30,Sungai Tong,21500,Terengganu
16059,Kampung Bukit Mundok,Sungai Tong,21500,Terengganu
16060,Kampung Bukit Nenas,Sungai Tong,21500,Terengganu
16061,Kampung Bukit Sungai Tong,Sungai Tong,21500,Terengganu
16062,Kampung Jaya Sungai Tong,Sungai Tong,21500,Terengganu
16063,Kampung Jelapang,Sungai Tong,21500,Terengganu
16064,Kampung Kuala Tayor,Sungai Tong,21500,Terengganu
16065,Kampung Langkap,Sungai Tong,21500,Terengganu
16066,Kampung Nibong,Sungai Tong,21500,Terengganu
16067,Kampung Nibong Sungai Tong,Sungai Tong,21500,Terengganu
16068,Kampung Pak Ba,Sungai Tong,21500,Terengganu
16069,Kampung Payong,Sungai Tong,21500,Terengganu
16070,Kampung Pelong,Sungai Tong,21500,Terengganu
16071,Kampung Pengkalan Merbau,Sungai Tong,21500,Terengganu
16072,Kampung Simpang Langkap,Sungai Tong,21500,Terengganu
16073,Kampung Sungai Bari,Sungai Tong,21500,Terengganu
16074,Kampung Tayor Tengah,Sungai Tong,21500,Terengganu
16075,Ladang Bari,Sungai Tong,21500,Terengganu
16076,LKTP Belara,Sungai Tong,21500,Terengganu
16077,Pakoh Jaya,Sungai Tong,21500,Terengganu
16078,Seri Langkap,Sungai Tong,21500,Terengganu
16079,Sungai Lerak,Sungai Tong,21500,Terengganu
16080,Sungai Tong,Sungai Tong,21500,Terengganu
16081,Alor Gali,Marang,21600,Terengganu
16082,Alor Tuman,Marang,21600,Terengganu
16083,Asing,Marang,21600,Terengganu
16084,Barat,Marang,21600,Terengganu
16085,Bukit Baharu,Marang,21600,Terengganu
16086,Bukit Gegading,Marang,21600,Terengganu
16087,Bukit Jejulong,Marang,21600,Terengganu
16088,Bukit Kulim,Marang,21600,Terengganu
16089,Bukit Parit,Marang,21600,Terengganu
16090,Durian Penjara,Marang,21600,Terengganu
16091,Gong Beris,Marang,21600,Terengganu
16092,Jabatan Penjara,Marang,21600,Terengganu
16093,Kampung Batangan,Marang,21600,Terengganu
16094,Kampung Bukit Gasing,Marang,21600,Terengganu
16095,Kampung Gong Nangka,Marang,21600,Terengganu
16096,Kampung Jenang,Marang,21600,Terengganu
16097,Kampung Kayu Kelat,Marang,21600,Terengganu
16098,Kampung Kelulut,Marang,21600,Terengganu
16099,Kampung Kijing,Marang,21600,Terengganu
16100,Kampung Masjid Haji Said,Marang,21600,Terengganu
16101,Kampung Pantai Seberang Marang,Marang,21600,Terengganu
16102,Kampung Paya,Marang,21600,Terengganu
16103,Kampung Ru Dua,Marang,21600,Terengganu
16104,Kampung Ru Muda,Marang,21600,Terengganu
16105,Kampung Ru Rendang,Marang,21600,Terengganu
16106,Kampung Sentul Patah,Marang,21600,Terengganu
16107,Kampung Star Kiri,Marang,21600,Terengganu
16108,Kampung Sungai Kerak,Marang,21600,Terengganu
16109,Kampung Surau Haji Ibrahim,Marang,21600,Terengganu
16110,Kampung Surau Haji Mat,Marang,21600,Terengganu
16111,Kampung Tuman,Marang,21600,Terengganu
16112,Ladang Fikri,Marang,21600,Terengganu
16113,Marang,Marang,21600,Terengganu
16114,Pengkalan Kuin,Marang,21600,Terengganu
16115,Pulau Kerengga,Marang,21600,Terengganu
16116,Rambai Jantan,Marang,21600,Terengganu
16117,Setar Kanan,Marang,21600,Terengganu
16118,Taman Hidayah,Marang,21600,Terengganu
16119,Taman Kalongan Melor,Marang,21600,Terengganu
16120,Taman Kernia Jaya,Marang,21600,Terengganu
16121,Taman Laila,Marang,21600,Terengganu
16122,Taman Mas Murni (Fasa 1 & 2),Marang,21600,Terengganu
16123,Taman Perpindahan Sungai Kerak,Marang,21600,Terengganu
16124,Taman Perumahan Kelulut,Marang,21600,Terengganu
16125,Taman Perumahan Perkaya,Marang,21600,Terengganu
16126,Temiang Ulu,Marang,21600,Terengganu
16127,Teratak Batu,Marang,21600,Terengganu
16128,Jambu Bongkok,Marang,21610,Terengganu
16129,Kampung Durian Pulut Merchang,Marang,21610,Terengganu
16130,Kampung Gong Balai,Marang,21610,Terengganu
16131,Kampung Gong Kassim,Marang,21610,Terengganu
16132,Kampung Jambu Bongkok,Marang,21610,Terengganu
16133,Kampung Padang Pauh,Marang,21610,Terengganu
16134,Kampung Pasir Puteh,Marang,21610,Terengganu
16135,Kampung Tok Fakir Merchang,Marang,21610,Terengganu
16136,Merchang,Marang,21610,Terengganu
16137,Binjai Kertas,Kuala Berang,21700,Terengganu
16138,Kampung Alor Kiambang,Kuala Berang,21700,Terengganu
16139,Kampung Basung,Kuala Berang,21700,Terengganu
16140,Kampung Batu 23,Kuala Berang,21700,Terengganu
16141,Kampung Batu 23 (Jalan Kuala Berang),Kuala Berang,21700,Terengganu
16142,Kampung Batu 24,Kuala Berang,21700,Terengganu
16143,Kampung Baung,Kuala Berang,21700,Terengganu
16144,Kampung Binjai Kertas,Kuala Berang,21700,Terengganu
16145,Kampung Bukit Acheh,Kuala Berang,21700,Terengganu
16146,Kampung Bukit Beruang,Kuala Berang,21700,Terengganu
16147,Kampung Bukit Biah,Kuala Berang,21700,Terengganu
16148,Kampung Bukit Gemuruh,Kuala Berang,21700,Terengganu
16149,Kampung Bukit Martiya,Kuala Berang,21700,Terengganu
16150,Kampung Bukit Tok Bat,Kuala Berang,21700,Terengganu
16151,Kampung Buloh,Kuala Berang,21700,Terengganu
16152,Kampung Butut,Kuala Berang,21700,Terengganu
16153,Kampung Capu,Kuala Berang,21700,Terengganu
16154,Kampung Cekering,Kuala Berang,21700,Terengganu
16155,Kampung Ceting,Kuala Berang,21700,Terengganu
16156,Kampung Dura,Kuala Berang,21700,Terengganu
16157,Kampung Durian Bador,Kuala Berang,21700,Terengganu
16158,Kampung Dusun,Kuala Berang,21700,Terengganu
16159,Kampung Gaong,Kuala Berang,21700,Terengganu
16160,Kampung Gerdong,Kuala Berang,21700,Terengganu
16161,Kampung Hulu Sat,Kuala Berang,21700,Terengganu
16162,Kampung Jenagor,Kuala Berang,21700,Terengganu
16163,Kampung Kemat,Kuala Berang,21700,Terengganu
16164,Kampung Kepah,Kuala Berang,21700,Terengganu
16165,Kampung Kuala Akub,Kuala Berang,21700,Terengganu
16166,Kampung Kuala Jeneris,Kuala Berang,21700,Terengganu
16167,Kampung Kuala Menjing,Kuala Berang,21700,Terengganu
16168,Kampung Kuala Ping,Kuala Berang,21700,Terengganu
16169,Kampung Kuala Por,Kuala Berang,21700,Terengganu
16170,Kampung Kuala Pueh,Kuala Berang,21700,Terengganu
16171,Kampung Langgar,Kuala Berang,21700,Terengganu
16172,Kampung Langgar Hilir,Kuala Berang,21700,Terengganu
16173,Kampung Langgar Hulu,Kuala Berang,21700,Terengganu
16174,Kampung Lubuk Pait,Kuala Berang,21700,Terengganu
16175,Kampung Matang,Kuala Berang,21700,Terengganu
16176,Kampung Nasi Dingin,Kuala Berang,21700,Terengganu
16177,Kampung Nibong,Kuala Berang,21700,Terengganu
16178,Kampung Padang Ipoh,Kuala Berang,21700,Terengganu
16179,Kampung Padang Lebak,Kuala Berang,21700,Terengganu
16180,Kampung Padang Setebu,Kuala Berang,21700,Terengganu
16181,Kampung Padang Star,Kuala Berang,21700,Terengganu
16182,Kampung Pasir Dula,Kuala Berang,21700,Terengganu
16183,Kampung Pasir Nering,Kuala Berang,21700,Terengganu
16184,Kampung Pasir Nyior,Kuala Berang,21700,Terengganu
16185,Kampung Pasir Pelata,Kuala Berang,21700,Terengganu
16186,Kampung Pasir Sipor,Kuala Berang,21700,Terengganu
16187,Kampung Pauh,Kuala Berang,21700,Terengganu
16188,Kampung Payang Kayu,Kuala Berang,21700,Terengganu
16189,Kampung Pelandan,Kuala Berang,21700,Terengganu
16190,Kampung Pulau Kudat,Kuala Berang,21700,Terengganu
16191,Kampung Rahmat,Kuala Berang,21700,Terengganu
16192,Kampung Sekayu,Kuala Berang,21700,Terengganu
16193,Kampung Sungai Berua,Kuala Berang,21700,Terengganu
16194,Kampung Sungai Ular,Kuala Berang,21700,Terengganu
16195,Kampung Tajin,Kuala Berang,21700,Terengganu
16196,Kampung Tanjong Baru,Kuala Berang,21700,Terengganu
16197,Kampung Tapah,Kuala Berang,21700,Terengganu
16198,Kampung Telaga,Kuala Berang,21700,Terengganu
16199,Kampung Temir,Kuala Berang,21700,Terengganu
16200,Kampung Tengkawang,Kuala Berang,21700,Terengganu
16201,Kampung Teris,Kuala Berang,21700,Terengganu
16202,Kampung Tok Bintang,Kuala Berang,21700,Terengganu
16203,Kampung Tok Lawik,Kuala Berang,21700,Terengganu
16204,Kenyir,Kuala Berang,21700,Terengganu
16205,Kuala Berang,Kuala Berang,21700,Terengganu
16206,Kuala Jeneris,Kuala Berang,21700,Terengganu
16207,Kuala Menjing,Kuala Berang,21700,Terengganu
16208,Kuala Ping,Kuala Berang,21700,Terengganu
16209,Kuala Pueh,Kuala Berang,21700,Terengganu
16210,Matang,Kuala Berang,21700,Terengganu
16211,Sungai Gawi,Kuala Berang,21700,Terengganu
16212,Ulu Sat,Kuala Berang,21700,Terengganu
16213,Kampung Lerek,Ajil,21800,Terengganu
16214,Kampung Lubok Periok,Ajil,21800,Terengganu
16215,Kampung Machang,Ajil,21800,Terengganu
16216,Kampung Matang,Ajil,21800,Terengganu
16217,Kampung Menerong,Ajil,21800,Terengganu
16218,Kampung Panggong,Ajil,21800,Terengganu
16219,Kampung Penek,Ajil,21800,Terengganu
16220,Kampung Pengkalan Ajal,Ajil,21800,Terengganu
16221,Kampung Peris,Ajil,21800,Terengganu
16222,Kampung Pulai Api,Ajil,21800,Terengganu
16223,Kampung Setia Jaya,Ajil,21800,Terengganu
16224,Kampung Sungai Siput,Ajil,21800,Terengganu
16225,Kampung Tok Gebok,Ajil,21800,Terengganu
16226,Kampung Tok Rendok,Ajil,21800,Terengganu
16227,Kampung Tulang Daing,Ajil,21800,Terengganu
16228,Menerung,Ajil,21800,Terengganu
16229,Ajil,Ajil,21800,Terengganu
16230,Bukit Jabar,Ajil,21800,Terengganu
16231,Bukit Pachat,Ajil,21800,Terengganu
16232,Cherang Nibong,Ajil,21800,Terengganu
16233,Durian Kassim,Ajil,21800,Terengganu
16234,Felda Bukit Bading,Ajil,21800,Terengganu
16235,Felda Mengkawang,Ajil,21800,Terengganu
16236,Felda Tersat,Ajil,21800,Terengganu
16237,Kampung Ajal,Ajil,21800,Terengganu
16238,Kampung Baru Ajil,Ajil,21800,Terengganu
16239,Kampung Batu 18,Ajil,21800,Terengganu
16240,Kampung Batu 21,Ajil,21800,Terengganu
16241,Kampung Belukar Bukit,Ajil,21800,Terengganu
16242,Kampung Betong,Ajil,21800,Terengganu
16243,Kampung Bukit Apit,Ajil,21800,Terengganu
16244,Kampung Bukit Ara,Ajil,21800,Terengganu
16245,Kampung Bukit Biman,Ajil,21800,Terengganu
16246,Kampung Bukit Perah,Ajil,21800,Terengganu
16247,Kampung Bukit Perpat,Ajil,21800,Terengganu
16248,Kampung Chenderong Balai,Ajil,21800,Terengganu
16249,Kampung Chenderong Lebam,Ajil,21800,Terengganu
16250,Kampung Datuk Amar,Ajil,21800,Terengganu
16251,Kampung Durian Rendang,Ajil,21800,Terengganu
16252,Kampung Gunong,Ajil,21800,Terengganu
16253,Kampung Jabar,Ajil,21800,Terengganu
16254,Kampung Jak,Ajil,21800,Terengganu
16255,Kampung Jerlang,Ajil,21800,Terengganu
16256,Kampung Kolam Ajil,Ajil,21800,Terengganu
16257,Kampung Kua,Ajil,21800,Terengganu
16258,Kampung Baru Sungai Binjai,Ajil,21810,Terengganu
16259,Kampung Jaya Baru Nasri,Ajil,21810,Terengganu
16260,Kampung Landas,Ajil,21810,Terengganu
16261,Kampung Pelar,Ajil,21810,Terengganu
16262,Kampung Peroh,Ajil,21810,Terengganu
16263,Kampung Tok Dor,Ajil,21810,Terengganu
16264,Felda Jerangau Barat,Ajil,21820,Terengganu
16265,Kampung Baru Mardi,Ajil,21820,Terengganu
16266,Kampung Batu 32,Ajil,21820,Terengganu
16267,Kampung Landas Estate,Ajil,21820,Terengganu
16268,LKTP Bukit Bading,Ajil,21820,Terengganu
16269,Alor Lintah,Jerteh,22000,Terengganu
16270,Balik Bukit,Jerteh,22000,Terengganu
16271,Bukit Kenak,Jerteh,22000,Terengganu
16272,Bukit Puteri,Jerteh,22000,Terengganu
16273,Felda Selaseh,Jerteh,22000,Terengganu
16274,Gong Nering,Jerteh,22000,Terengganu
16275,Jerteh,Jerteh,22000,Terengganu
16276,Kampung Alor Belanga,Jerteh,22000,Terengganu
16277,Kampung Alor Keladi,Jerteh,22000,Terengganu
16278,Kampung Alor Selising,Jerteh,22000,Terengganu
16279,Kampung Awek Darau,Jerteh,22000,Terengganu
16280,Kampung Ayer Terjun,Jerteh,22000,Terengganu
16281,Kampung Baru,Jerteh,22000,Terengganu
16282,Kampung Baruh Mesin,Jerteh,22000,Terengganu
16283,Kampung Berhala Tambun,Jerteh,22000,Terengganu
16284,Kampung Beris Pak Abu,Jerteh,22000,Terengganu
16285,Kampung Bukit China,Jerteh,22000,Terengganu
16286,Kampung Bukit Tempurong,Jerteh,22000,Terengganu
16287,Kampung Cerang Melintang,Jerteh,22000,Terengganu
16288,Kampung Dalam Huma,Jerteh,22000,Terengganu
16289,Kampung Darau,Jerteh,22000,Terengganu
16290,Kampung Denger,Jerteh,22000,Terengganu
16291,Kampung Durian Merkah,Jerteh,22000,Terengganu
16292,Kampung Durian Telor,Jerteh,22000,Terengganu
16293,Kampung Gegar Batang,Jerteh,22000,Terengganu
16294,Kampung Gerai Muda,Jerteh,22000,Terengganu
16295,Kampung Gerai Tua,Jerteh,22000,Terengganu
16296,Kampung Gong Badang,Jerteh,22000,Terengganu
16297,Kampung Gong Bukit Kenak,Jerteh,22000,Terengganu
16298,Kampung Gong Chenerai,Jerteh,22000,Terengganu
16299,Kampung Gong Duek,Jerteh,22000,Terengganu
16300,Kampung Gong Guchil,Jerteh,22000,Terengganu
16301,Kampung Gong Jaga,Jerteh,22000,Terengganu
16302,Kampung Gong Mat Som,Jerteh,22000,Terengganu
16303,Kampung Gong Nangka,Jerteh,22000,Terengganu
16304,Kampung Gong Pak Cheng,Jerteh,22000,Terengganu
16305,Kampung Gong Pasir,Jerteh,22000,Terengganu
16306,Kampung Gong Penaga,Jerteh,22000,Terengganu
16307,Kampung Gong Rengas,Jerteh,22000,Terengganu
16308,Kampung Gong Tanah Merah,Jerteh,22000,Terengganu
16309,Kampung Gong Terap,Jerteh,22000,Terengganu
16310,Kampung Hutan Nangka,Jerteh,22000,Terengganu
16311,Kampung Kolam Jerteh,Jerteh,22000,Terengganu
16312,Kampung Kubang Bemban,Jerteh,22000,Terengganu
16313,Kampung Lao Lok,Jerteh,22000,Terengganu
16314,Kampung Lapan Kejor,Jerteh,22000,Terengganu
16315,Kampung Lapan Kotak,Jerteh,22000,Terengganu
16316,Kampung Lubok Kawah,Jerteh,22000,Terengganu
16317,Kampung Nyior Tujuh,Jerteh,22000,Terengganu
16318,Kampung Padang Landak,Jerteh,22000,Terengganu
16319,Kampung Padang Luas,Jerteh,22000,Terengganu
16320,Kampung Pak Da Malik,Jerteh,22000,Terengganu
16321,Kampung Pak Wong,Jerteh,22000,Terengganu
16322,Kampung Paroh,Jerteh,22000,Terengganu
16323,Kampung Pasir Akar,Jerteh,22000,Terengganu
16324,Kampung Pekakok,Jerteh,22000,Terengganu
16325,Kampung Pelagat,Jerteh,22000,Terengganu
16326,Kampung Pengkalan Setol,Jerteh,22000,Terengganu
16327,Kampung Pondok Paku,Jerteh,22000,Terengganu
16328,Kampung Pulai Rimau,Jerteh,22000,Terengganu
16329,Kampung Pulau Panjang,Jerteh,22000,Terengganu
16330,Kampung Pulau Ribu,Jerteh,22000,Terengganu
16331,Kampung Pusu Tinggi,Jerteh,22000,Terengganu
16332,Kampung Seberang Panggong,Jerteh,22000,Terengganu
16333,Kampung Tanah Merah,Jerteh,22000,Terengganu
16334,Kampung Tanjong Alir,Jerteh,22000,Terengganu
16335,Kampung Tasek,Jerteh,22000,Terengganu
16336,Kampung Tasek Mengkuang,Jerteh,22000,Terengganu
16337,Kampung Telaga Nibong,Jerteh,22000,Terengganu
16338,Kampung Telok,Jerteh,22000,Terengganu
16339,Kampung Tok Dat,Jerteh,22000,Terengganu
16340,Kampung Tok Motong,Jerteh,22000,Terengganu
16341,Kerandang,Jerteh,22000,Terengganu
16342,LKTP Jerangau,Jerteh,22000,Terengganu
16343,Pasir Akar,Jerteh,22000,Terengganu
16344,Pulau Berangan,Jerteh,22000,Terengganu
16345,Taman Bakti,Jerteh,22000,Terengganu
16346,Taman Desa Aman,Jerteh,22000,Terengganu
16347,Taman Desa Saujana,Jerteh,22000,Terengganu
16348,Taman Desa Sepakat,Jerteh,22000,Terengganu
16349,Taman Desa Tani,Jerteh,22000,Terengganu
16350,Taman Desa Tanjung,Jerteh,22000,Terengganu
16351,Taman Jaya,Jerteh,22000,Terengganu
16352,Taman Pelagat,Jerteh,22000,Terengganu
16353,Taman Saujana,Jerteh,22000,Terengganu
16354,Taman Seri Nering,Jerteh,22000,Terengganu
16355,Taman Seri Sepakat,Jerteh,22000,Terengganu
16356,Taman Teratur,Jerteh,22000,Terengganu
16357,Taman Tuah,Jerteh,22000,Terengganu
16358,Tok Kundur,Jerteh,22000,Terengganu
16359,TUDM Bukit Putri,Jerteh,22000,Terengganu
16360,Bukit Payong (Jerteh),Jerteh,22010,Terengganu
16361,Felcra Keruak,Jerteh,22010,Terengganu
16362,Kampung Bekok,Jerteh,22010,Terengganu
16363,Kampung Belaoh,Jerteh,22010,Terengganu
16364,Kampung Bukit Mali,Jerteh,22010,Terengganu
16365,Kampung Bukit Payong,Jerteh,22010,Terengganu
16366,Kampung Cawangan,Jerteh,22010,Terengganu
16367,Kampung Dengir Tenang,Jerteh,22010,Terengganu
16368,Kampung Keruak,Jerteh,22010,Terengganu
16369,Kampung Kuala Sayak,Jerteh,22010,Terengganu
16370,Kampung La,Jerteh,22010,Terengganu
16371,Kampung Mata Ayer,Jerteh,22010,Terengganu
16372,Kampung Padang Bual,Jerteh,22010,Terengganu
16373,Kampung Panchor,Jerteh,22010,Terengganu
16374,Kampung Seberang Lalang,Jerteh,22010,Terengganu
16375,Apal,Jerteh,22020,Terengganu
16376,Bukit Jerok,Jerteh,22020,Terengganu
16377,Jabi,Jerteh,22020,Terengganu
16378,Kampung Anak Ikan,Jerteh,22020,Terengganu
16379,Kampung Anak Musang,Jerteh,22020,Terengganu
16380,Kampung Bakat,Jerteh,22020,Terengganu
16381,Kampung Baru Tok Dor,Jerteh,22020,Terengganu
16382,Kampung Gong Lilit,Jerteh,22020,Terengganu
16383,Kampung Gong Pasir Jabi,Jerteh,22020,Terengganu
16384,Kampung Gong Pasir Oh,Jerteh,22020,Terengganu
16385,Kampung Gong Penaga Jabi,Jerteh,22020,Terengganu
16386,Kampung Kepala Gajah,Jerteh,22020,Terengganu
16387,Kampung Kuala Lubang,Jerteh,22020,Terengganu
16388,Kampung Lay Out (Jabi),Jerteh,22020,Terengganu
16389,Kampung Oh,Jerteh,22020,Terengganu
16390,Kampung Padang Lengkuas,Jerteh,22020,Terengganu
16391,Kampung Pasir Tawar,Jerteh,22020,Terengganu
16392,Kampung Pohon Tar,Jerteh,22020,Terengganu
16393,Kampung Pulau Kala,Jerteh,22020,Terengganu
16394,Kampung Renek,Jerteh,22020,Terengganu
16395,Kampung Tempinis,Jerteh,22020,Terengganu
16396,Kampung Tok Dor,Jerteh,22020,Terengganu
16397,LKTP Tenang,Jerteh,22020,Terengganu
16398,Balik Bukit,Permaisuri,22100,Terengganu
16399,Bukit Kemudu,Permaisuri,22100,Terengganu
16400,Bukit Pari,Permaisuri,22100,Terengganu
16401,Bukit Pelong,Permaisuri,22100,Terengganu
16402,Jalan Penarek,Permaisuri,22100,Terengganu
16403,Jalan Ulu Serdang,Permaisuri,22100,Terengganu
16404,Kampung Alor Pasir,Permaisuri,22100,Terengganu
16405,Kampung Alor Serdang,Permaisuri,22100,Terengganu
16406,Kampung Apek,Permaisuri,22100,Terengganu
16407,Kampung Bahagia,Permaisuri,22100,Terengganu
16408,Kampung Banggol,Permaisuri,22100,Terengganu
16409,Kampung Bari Kecil,Permaisuri,22100,Terengganu
16410,Kampung Besut,Permaisuri,22100,Terengganu
16411,Kampung Bintang,Permaisuri,22100,Terengganu
16412,Kampung Bukit Pelong,Permaisuri,22100,Terengganu
16413,Kampung Bukit Swee,Permaisuri,22100,Terengganu
16414,Kampung Buloh,Permaisuri,22100,Terengganu
16415,Kampung Buruk,Permaisuri,22100,Terengganu
16416,Kampung Che Long,Permaisuri,22100,Terengganu
16417,Kampung Che Mohd,Permaisuri,22100,Terengganu
16418,Kampung Guntong,Permaisuri,22100,Terengganu
16419,Kampung Guntong Dalam,Permaisuri,22100,Terengganu
16420,Kampung Guntong Luar,Permaisuri,22100,Terengganu
16421,Kampung Kederang,Permaisuri,22100,Terengganu
16422,Kampung Kuari Batu,Permaisuri,22100,Terengganu
16423,Kampung Nyatok,Permaisuri,22100,Terengganu
16424,Kampung Padang,Permaisuri,22100,Terengganu
16425,Kampung Padang Serai,Permaisuri,22100,Terengganu
16426,Kampung Pak Kancil,Permaisuri,22100,Terengganu
16427,Kampung Panchor Merah,Permaisuri,22100,Terengganu
16428,Kampung Pancur Merah,Permaisuri,22100,Terengganu
16429,Kampung Permaisuri,Permaisuri,22100,Terengganu
16430,Kampung Seri Bayas,Permaisuri,22100,Terengganu
16431,Kampung Tasek,Permaisuri,22100,Terengganu
16432,Kampung Ulu Kekabu,Permaisuri,22100,Terengganu
16433,Kampung Ulu Seladang,Permaisuri,22100,Terengganu
16434,Perumahan Binjai Manis,Permaisuri,22100,Terengganu
16435,Permaisuri - Peti surat,Permaisuri,22107,Terengganu
16436,Permaisuri - Beg berkunci,Permaisuri,22109,Terengganu
16437,Kuala Setiu Lama,Permaisuri,22110,Terengganu
16438,Lorong Saga,Permaisuri,22110,Terengganu
16439,Lorong Saga Saujana,Permaisuri,22110,Terengganu
16440,Lorong Seliat Saujana,Permaisuri,22110,Terengganu
16441,Lorong Senandong,Permaisuri,22110,Terengganu
16442,Lorong Senandong Saujana,Permaisuri,22110,Terengganu
16443,Lorong Senayong,Permaisuri,22110,Terengganu
16444,Lorong Senayong Saujana,Permaisuri,22110,Terengganu
16445,Lorong Siakap,Permaisuri,22110,Terengganu
16446,Lorong Siakap Saujana,Permaisuri,22110,Terengganu
16447,Lorong Silat,Permaisuri,22110,Terengganu
16448,Kampung Beris Tokku,Permaisuri,22110,Terengganu
16449,Kampung Fikri,Permaisuri,22110,Terengganu
16450,Kampung Gong Batu,Permaisuri,22110,Terengganu
16451,Kampung Saujana,Permaisuri,22110,Terengganu
16452,Kuala Setiu Baru,Permaisuri,22110,Terengganu
16453,Jalan Aman,Permaisuri,22120,Terengganu
16454,Jalan Aman Rhu Sepuluh Penarek,Permaisuri,22120,Terengganu
16455,Jalan Bahagia,Permaisuri,22120,Terengganu
16456,Jalan Bahagia Rhu Sepuluh Penarek,Permaisuri,22120,Terengganu
16457,Jalan Makmur,Permaisuri,22120,Terengganu
16458,Jalan Makmur Rhu Sepuluh Penarek,Permaisuri,22120,Terengganu
16459,Kampung Bari Kecil,Permaisuri,22120,Terengganu
16460,Kampung Baru Penarek,Permaisuri,22120,Terengganu
16461,Kampung Bukit Chalok Penarek,Permaisuri,22120,Terengganu
16462,Kampung Mangkok,Permaisuri,22120,Terengganu
16463,Kampung Penarek,Permaisuri,22120,Terengganu
16464,Kampung Penarik,Permaisuri,22120,Terengganu
16465,Setiu,Permaisuri,22120,Terengganu
16466,Alor Lintang,Kampung Raja,22200,Terengganu
16467,Besut,Kampung Raja,22200,Terengganu
16468,Bukit Tanah,Kampung Raja,22200,Terengganu
16469,Gong Bayor,Kampung Raja,22200,Terengganu
16470,Gong Jelutong,Kampung Raja,22200,Terengganu
16471,Gong Medang,Kampung Raja,22200,Terengganu
16472,Kampung Alor Simpol,Kampung Raja,22200,Terengganu
16473,Kampung Amir,Kampung Raja,22200,Terengganu
16474,Kampung Ayer Tawar,Kampung Raja,22200,Terengganu
16475,Kampung Baru Ayer Tawar,Kampung Raja,22200,Terengganu
16476,Kampung Baru Batu Tumboh,Kampung Raja,22200,Terengganu
16477,Kampung Baru Gong Bayor,Kampung Raja,22200,Terengganu
16478,Kampung Beting Lintang,Kampung Raja,22200,Terengganu
16479,Kampung Gelang Mas,Kampung Raja,22200,Terengganu
16480,Kampung Gong Kepas,Kampung Raja,22200,Terengganu
16481,Kampung Gong Machang,Kampung Raja,22200,Terengganu
16482,Kampung Gong Tiang Layar,Kampung Raja,22200,Terengganu
16483,Kampung Gong Tiong,Kampung Raja,22200,Terengganu
16484,Kampung Keluang,Kampung Raja,22200,Terengganu
16485,Kampung Laha,Kampung Raja,22200,Terengganu
16486,Kampung Laman,Kampung Raja,22200,Terengganu
16487,Kampung Lohor,Kampung Raja,22200,Terengganu
16488,Kampung Padang Baloh,Kampung Raja,22200,Terengganu
16489,Kampung Pak Kiang,Kampung Raja,22200,Terengganu
16490,Kampung Parit,Kampung Raja,22200,Terengganu
16491,Kampung Paya Rawa,Kampung Raja,22200,Terengganu
16492,Kampung Pengkalan Nyireh,Kampung Raja,22200,Terengganu
16493,Kampung Pinang,Kampung Raja,22200,Terengganu
16494,Kampung Raja Besut,Kampung Raja,22200,Terengganu
16495,Kampung Rhu Sepuluh,Kampung Raja,22200,Terengganu
16496,Kampung Sentosa,Kampung Raja,22200,Terengganu
16497,Kampung Tok Fakir Besut,Kampung Raja,22200,Terengganu
16498,Kampung Tok Pek,Kampung Raja,22200,Terengganu
16499,Kampung Wakaf Kubor,Kampung Raja,22200,Terengganu
16500,Kedeper,Kampung Raja,22200,Terengganu
16501,Kubang Ikan,Kampung Raja,22200,Terengganu
16502,Pak Mentosa,Kampung Raja,22200,Terengganu
16503,Pekan Sehari Tembila,Kampung Raja,22200,Terengganu
16504,Pengkalan Kubor,Kampung Raja,22200,Terengganu
16505,Pengkalan Teras,Kampung Raja,22200,Terengganu
16506,Seberang Kastam,Kampung Raja,22200,Terengganu
16507,Seberang Limbongan,Kampung Raja,22200,Terengganu
16508,Teluk Kubor,Kampung Raja,22200,Terengganu
16509,Tembila,Kampung Raja,22200,Terengganu
16510,Alor Pak Ndok,Kuala Besut,22300,Terengganu
16511,Alor Peroi,Kuala Besut,22300,Terengganu
16512,Alor Pisang,Kuala Besut,22300,Terengganu
16513,Alor Teratai,Kuala Besut,22300,Terengganu
16514,Beris Alor Peroi,Kuala Besut,22300,Terengganu
16515,Beris Alor Pisang,Kuala Besut,22300,Terengganu
16516,Beris Cawat,Kuala Besut,22300,Terengganu
16517,Gong Manok,Kuala Besut,22300,Terengganu
16518,Gong Nering,Kuala Besut,22300,Terengganu
16519,Gong Surau,Kuala Besut,22300,Terengganu
16520,Kampung Baru,Kuala Besut,22300,Terengganu
16521,Kampung Beris Panggong,Kuala Besut,22300,Terengganu
16522,Kampung Gertak Seratus,Kuala Besut,22300,Terengganu
16523,Kampung Kayu Kelat,Kuala Besut,22300,Terengganu
16524,Kampung Lampu,Kuala Besut,22300,Terengganu
16525,Kampung Nail,Kuala Besut,22300,Terengganu
16526,Kampung Nangka,Kuala Besut,22300,Terengganu
16527,Kampung Paya,Kuala Besut,22300,Terengganu
16528,Kampung Sungai,Kuala Besut,22300,Terengganu
16529,Kampung Tengah (Kuala Besut),Kuala Besut,22300,Terengganu
16530,Kampung Timur,Kuala Besut,22300,Terengganu
16531,Kuala Bedah,Kuala Besut,22300,Terengganu
16532,Kuala Besut,Kuala Besut,22300,Terengganu
16533,Pacakan,Kuala Besut,22300,Terengganu
16534,Pulau Perhentian,Kuala Besut,22300,Terengganu
16535,Pulau Salim,Kuala Besut,22300,Terengganu
16536,Teluk Budu,Kuala Besut,22300,Terengganu
16537,Tok Saboh,Kuala Besut,22300,Terengganu
16538,Kuala Besut - Peti surat,Kuala Besut,22307,Terengganu
16539,Kuala Besut - Beg berkunci,Kuala Besut,22309,Terengganu
16540,Alor Rekan Bemban,Dungun,23000,Terengganu
16541,Bangunan Abdullah Osman,Dungun,23000,Terengganu
16542,Taman Sri Tanjung,Dungun,23000,Terengganu
16543,Taman Sura,Dungun,23000,Terengganu
16544,Taman Sura Jaya,Dungun,23000,Terengganu
16545,Taman Sura Jetty,Dungun,23000,Terengganu
16546,Taman Sura Perdana,Dungun,23000,Terengganu
16547,Taman Sura Permai,Dungun,23000,Terengganu
16548,Taman Sura Tengah 1,Dungun,23000,Terengganu
16549,Taman Sutera,Dungun,23000,Terengganu
16550,Taman Telok Lipat,Dungun,23000,Terengganu
16551,Taman Wahyu,Dungun,23000,Terengganu
16552,Taman Zaharah,Dungun,23000,Terengganu
16553,Tanjung Jara Beach Resort,Dungun,23000,Terengganu
16554,Bangunan Haji Wahab,Dungun,23000,Terengganu
16555,Bangunan Maidam,Dungun,23000,Terengganu
16556,Bangunan Yayasan Islam,Dungun,23000,Terengganu
16557,Bukit Tok Bilal,Dungun,23000,Terengganu
16558,Dungun,Dungun,23000,Terengganu
16559,Dungun (Batu 48),Dungun,23000,Terengganu
16560,Dungun Beach Resort,Dungun,23000,Terengganu
16561,Jongok Batu,Dungun,23000,Terengganu
16562,Kampung Alor Jejawi,Dungun,23000,Terengganu
16563,Kampung Alor Tembusu,Dungun,23000,Terengganu
16564,Kampung Bahagia Tok Kah,Dungun,23000,Terengganu
16565,Kampung Balai Besar,Dungun,23000,Terengganu
16566,Kampung Batu Enam,Dungun,23000,Terengganu
16567,Kampung Batu Lima,Dungun,23000,Terengganu
16568,Kampung Batu Puteh,Dungun,23000,Terengganu
16569,Kampung Batu Tiong,Dungun,23000,Terengganu
16570,Kampung Batu Tujuh,Dungun,23000,Terengganu
16571,Kampung Binjai,Dungun,23000,Terengganu
16572,Kampung Bukit Belah,Dungun,23000,Terengganu
16573,Kampung Bukit Merah Padang Pulut,Dungun,23000,Terengganu
16574,Kampung Bukit Murai,Dungun,23000,Terengganu
16575,Kampung Bukit Pauh,Dungun,23000,Terengganu
16576,Kampung Bukit Tok Bilal,Dungun,23000,Terengganu
16577,Kampung Che Lijah,Dungun,23000,Terengganu
16578,Kampung Delong,Dungun,23000,Terengganu
16579,Kampung Gong Pasir,Dungun,23000,Terengganu
16580,Kampung Jongkok Batu,Dungun,23000,Terengganu
16581,Kampung Kemudi,Dungun,23000,Terengganu
16582,Kampung Padang Jambu,Dungun,23000,Terengganu
16583,Kampung Padang Pulut,Dungun,23000,Terengganu
16584,Kampung Pak Sabah,Dungun,23000,Terengganu
16585,Kampung Peladang,Dungun,23000,Terengganu
16586,Kampung Pulau Serai,Dungun,23000,Terengganu
16587,Kampung Raja Wali,Dungun,23000,Terengganu
16588,Kampung Rantau Abang,Dungun,23000,Terengganu
16589,Kampung Rhu Batil,Dungun,23000,Terengganu
16590,Kampung Serdang,Dungun,23000,Terengganu
16591,Kampung Sukur,Dungun,23000,Terengganu
16592,Kampung Sungai Pimpin,Dungun,23000,Terengganu
16593,Kampung Talong,Dungun,23000,Terengganu
16594,Kampung Tanjong Batu,Dungun,23000,Terengganu
16595,Kampung Tanjong Pagar,Dungun,23000,Terengganu
16596,Kampung Tanjong Pati,Dungun,23000,Terengganu
16597,Kampung Tok Kah,Dungun,23000,Terengganu
16598,Kompleks Perniagaan Sura Gate,Dungun,23000,Terengganu
16599,Kuala Dungun,Dungun,23000,Terengganu
16600,Kuala Jengal,Dungun,23000,Terengganu
16601,Kumpal,Dungun,23000,Terengganu
16602,Padang Pulut,Dungun,23000,Terengganu
16603,Pasir Raja,Dungun,23000,Terengganu
16604,Rantau Abang,Dungun,23000,Terengganu
16605,Seberang Pintasan,Dungun,23000,Terengganu
16606,Sukur,Dungun,23000,Terengganu
16607,Sura Gate,Dungun,23000,Terengganu
16608,Sura Hujong,Dungun,23000,Terengganu
16609,Talong,Dungun,23000,Terengganu
16610,Taman Alina,Dungun,23000,Terengganu
16611,Taman Anggerik,Dungun,23000,Terengganu
16612,Taman Anjaria,Dungun,23000,Terengganu
16613,Taman Bersekutu,Dungun,23000,Terengganu
16614,Taman Bijaya Sura,Dungun,23000,Terengganu
16615,"Taman Bukit Bauk 1,2",Dungun,23000,Terengganu
16616,Taman Bukit Catak,Dungun,23000,Terengganu
16617,Taman Bunga Raya,Dungun,23000,Terengganu
16618,Taman Cempaka,Dungun,23000,Terengganu
16619,Taman Cenderawasih,Dungun,23000,Terengganu
16620,Taman Delima,Dungun,23000,Terengganu
16621,Taman Gemilang,Dungun,23000,Terengganu
16622,Taman Gong Pasir,Dungun,23000,Terengganu
16623,Taman Haji Idris,Dungun,23000,Terengganu
16624,Taman Harmoni,Dungun,23000,Terengganu
16625,Taman Himiran,Dungun,23000,Terengganu
16626,Taman Intan,Dungun,23000,Terengganu
16627,Taman Jaya,Dungun,23000,Terengganu
16628,Taman Jejawi,Dungun,23000,Terengganu
16629,Taman Kurnia Jaya,Dungun,23000,Terengganu
16630,Taman Mas Intan,Dungun,23000,Terengganu
16631,Taman Mawar,Dungun,23000,Terengganu
16632,Taman Melati,Dungun,23000,Terengganu
16633,Taman Melor,Dungun,23000,Terengganu
16634,Taman Melor 4 Fasa 2,Dungun,23000,Terengganu
16635,Taman Mesra,Dungun,23000,Terengganu
16636,Taman Murni,Dungun,23000,Terengganu
16637,Taman Mutiara,Dungun,23000,Terengganu
16638,Taman Norlida,Dungun,23000,Terengganu
16639,Taman Omar Al Khatab,Dungun,23000,Terengganu
16640,Taman Pantai Sura,Dungun,23000,Terengganu
16641,Taman Pelangi 1 & 2,Dungun,23000,Terengganu
16642,Taman Perdana Bukit Catak,Dungun,23000,Terengganu
16643,Taman Permint Indah,Dungun,23000,Terengganu
16644,Taman Rakyat,Dungun,23000,Terengganu
16645,Taman Raya,Dungun,23000,Terengganu
16646,Taman Ros,Dungun,23000,Terengganu
16647,Taman Rumbia,Dungun,23000,Terengganu
16648,Taman Saeda,Dungun,23000,Terengganu
16649,Taman Selasih Perdana,Dungun,23000,Terengganu
16650,Taman Seri Dungun,Dungun,23000,Terengganu
16651,Taman Setia,Dungun,23000,Terengganu
16652,Taman Sri Bayu,Dungun,23000,Terengganu
16653,Taman Sri Intan,Dungun,23000,Terengganu
16654,Dungun - Beg berkunci,Dungun,23009,Terengganu
16655,Dungun - Peti surat,Dungun,23007,Terengganu
16656,Kampung Baru Kuala Abang,Dungun,23050,Terengganu
16657,Kampung Kertas Pulas,Dungun,23050,Terengganu
16658,Kampung Kuala Abang,Dungun,23050,Terengganu
16659,Kampung Kubang Putat,Dungun,23050,Terengganu
16660,Kampung Kubang Temiang,Dungun,23050,Terengganu
16661,Jalan Besar Paka,Paka,23100,Terengganu
16662,Jalan Klinik,Paka,23100,Terengganu
16663,Jalan Santong,Paka,23100,Terengganu
16664,Kampung Air Hitam,Paka,23100,Terengganu
16665,Kampung Baru Paka,Paka,23100,Terengganu
16666,Kampung Baru Tebing Tembah,Paka,23100,Terengganu
16667,Kampung Bukit Merah,Paka,23100,Terengganu
16668,Kampung Cacar,Paka,23100,Terengganu
16669,Kampung Cacar Baru,Paka,23100,Terengganu
16670,Kampung Durian Mentangau,Paka,23100,Terengganu
16671,Kampung Gemia,Paka,23100,Terengganu
16672,Kampung Layout Cacar,Paka,23100,Terengganu
16673,Kampung Limbong,Paka,23100,Terengganu
16674,Kampung Masjid,Paka,23100,Terengganu
16675,Kampung Nyior,Paka,23100,Terengganu
16676,Kampung Pantai Laut,Paka,23100,Terengganu
16677,Kampung Pinang Merah,Paka,23100,Terengganu
16678,Kampung Santong,Paka,23100,Terengganu
16679,Kampung Seberang Alor,Paka,23100,Terengganu
16680,Kampung Tebing Tembah,Paka,23100,Terengganu
16681,Kampung Tok Harun,Paka,23100,Terengganu
16682,Kampung Wakaf Hijau,Paka,23100,Terengganu
16683,Paka,Paka,23100,Terengganu
16684,Bukit Besi,Bukit Besi,23200,Terengganu
16685,Dendang,Bukit Besi,23200,Terengganu
16686,Jerangau,Bukit Besi,23200,Terengganu
16687,Kampung Baru,Bukit Besi,23200,Terengganu
16688,Kampung Besol,Bukit Besi,23200,Terengganu
16689,Kampung Jerangau,Bukit Besi,23200,Terengganu
16690,Kampung Kubur,Bukit Besi,23200,Terengganu
16691,Pinang,Bukit Besi,23200,Terengganu
16692,Rasau,Bukit Besi,23200,Terengganu
16693,Bandar Ketengah Jaya,Ketengah Jaya,23300,Terengganu
16694,Felda Kerteh (1 - 6),Ketengah Jaya,23300,Terengganu
16695,Kampung Padang Lalang,Ketengah Jaya,23300,Terengganu
16696,Al Muktafi Billah Shah,Al Muktatfi Billah Shah,23400,Terengganu
16697,Cukai - Peti surat,Cukai,24007,Terengganu
16698,Cukai - Beg berkunci,Cukai,24009,Terengganu
16699,Arkid Mara,Ayer Puteh,24050,Terengganu
16700,Ayer Puteh,Ayer Puteh,24050,Terengganu
16701,Ceneh,Ayer Puteh,24050,Terengganu
16702,Ceneh Baru,Ayer Puteh,24050,Terengganu
16703,Cerul Baru,Ayer Puteh,24050,Terengganu
16704,Dadong,Ayer Puteh,24050,Terengganu
16705,Kampung Baran,Ayer Puteh,24050,Terengganu
16706,Kampung Batu 14,Ayer Puteh,24050,Terengganu
16707,Kampung Batu 16,Ayer Puteh,24050,Terengganu
16708,Kampung Habib Mohsin,Ayer Puteh,24050,Terengganu
16709,Kampung Hilir Pasir Gajah,Ayer Puteh,24050,Terengganu
16710,Kampung Hulu,Ayer Puteh,24050,Terengganu
16711,Kampung Hulu Pasir Gajah,Ayer Puteh,24050,Terengganu
16712,Kampung Hulu Seberang Tayor,Ayer Puteh,24050,Terengganu
16713,Kampung Kubang Kurus,Ayer Puteh,24050,Terengganu
16714,Kampung Laut Pasir Gajah,Ayer Puteh,24050,Terengganu
16715,Kampung Sungai Mas,Ayer Puteh,24050,Terengganu
16716,Kampung Tanah Lot Ayer Puteh,Ayer Puteh,24050,Terengganu
16717,Kampung Tanah Lot Pasir Gajah,Ayer Puteh,24050,Terengganu
16718,Kampung Tengah Pasir Gajah,Ayer Puteh,24050,Terengganu
16719,Ladang Tebak,Ayer Puteh,24050,Terengganu
16720,Padang Kubu,Ayer Puteh,24050,Terengganu
16721,Pasir Gajah,Ayer Puteh,24050,Terengganu
16722,RKT Seberang Tayor,Ayer Puteh,24050,Terengganu
16723,Seberang Tayor,Ayer Puteh,24050,Terengganu
16724,Bakau Tinggi,Cukai,24000,Terengganu
16725,Binjai,Cukai,24000,Terengganu
16726,Bukit Kuang,Cukai,24000,Terengganu
16727,Cukai,Cukai,24000,Terengganu
16728,Desa Darul Iman,Cukai,24000,Terengganu
16729,Dusun Nyior,Cukai,24000,Terengganu
16730,Geliga Permai,Cukai,24000,Terengganu
16731,Jalan Abdul Rahman,Cukai,24000,Terengganu
16732,Jalan Air Puteh,Cukai,24000,Terengganu
16733,Jalan Che Teng,Cukai,24000,Terengganu
16734,Jalan Da Omar,Cukai,24000,Terengganu
16735,Jalan Datok,Cukai,24000,Terengganu
16736,Jalan Feri Lama,Cukai,24000,Terengganu
16737,Jalan Hospital,Cukai,24000,Terengganu
16738,Jalan Injin Gergaji,Cukai,24000,Terengganu
16739,Jalan Jakar,Cukai,24000,Terengganu
16740,Jalan Kenanga,Cukai,24000,Terengganu
16741,Jalan Kubang Kurus,Cukai,24000,Terengganu
16742,Jalan Mak Dayang,Cukai,24000,Terengganu
16743,Jalan Masjid Lama,Cukai,24000,Terengganu
16744,Jalan Pasar,Cukai,24000,Terengganu
16745,Jalan Penghiburan,Cukai,24000,Terengganu
16746,Jalan Sulaiman,Cukai,24000,Terengganu
16747,Jalan Taha,Cukai,24000,Terengganu
16748,Jalan Teratai,Cukai,24000,Terengganu
16749,Kampung Air,Cukai,24000,Terengganu
16750,Kampung Bakau Tinggi,Cukai,24000,Terengganu
16751,Kampung Banggol Kanan,Cukai,24000,Terengganu
16752,Kampung Banggol Kiri,Cukai,24000,Terengganu
16753,Kampung Batu 4 (Binjai),Cukai,24000,Terengganu
16754,Kampung Belakang Esso,Cukai,24000,Terengganu
16755,Kampung Belakang Hospital,Cukai,24000,Terengganu
16756,Kampung Besut,Cukai,24000,Terengganu
16757,Kampung Bukit Kuang,Cukai,24000,Terengganu
16758,Kampung Bukit Mentok,Cukai,24000,Terengganu
16759,Kampung Cina,Cukai,24000,Terengganu
16760,Kampung Darat Olong,Cukai,24000,Terengganu
16761,Kampung Dusun Nyior,Cukai,24000,Terengganu
16762,Kampung Fikri,Cukai,24000,Terengganu
16763,Kampung Geliga,Cukai,24000,Terengganu
16764,Kampung Geliga Baru,Cukai,24000,Terengganu
16765,Kampung Geliga Besar,Cukai,24000,Terengganu
16766,Kampung Geliga Haji Ali,Cukai,24000,Terengganu
16767,Kampung Geliga Jambatan,Cukai,24000,Terengganu
16768,Kampung Geliga Mengambang,Cukai,24000,Terengganu
16769,Taman Sangsura,Cukai,24000,Terengganu
16770,Taman Selera,Cukai,24000,Terengganu
16771,Taman Seri Cukai,Cukai,24000,Terengganu
16772,Taman Seri Geliga,Cukai,24000,Terengganu
16773,Taman Seri Indah,Cukai,24000,Terengganu
16774,Taman Seri Jakar,Cukai,24000,Terengganu
16775,Taman Seri Jaya,Cukai,24000,Terengganu
16776,Taman Seri Kalongan,Cukai,24000,Terengganu
16777,Taman Seri Kalongan 2,Cukai,24000,Terengganu
16778,Taman Seri Kemaman,Cukai,24000,Terengganu
16779,Taman Seri Pandan,Cukai,24000,Terengganu
16780,Taman Seri Pandan 2,Cukai,24000,Terengganu
16781,Taman Seri Pauh,Cukai,24000,Terengganu
16782,Taman Si Buyung,Cukai,24000,Terengganu
16783,Taman Taja,Cukai,24000,Terengganu
16784,Tanjung Berhala,Cukai,24000,Terengganu
16785,Teluk Kalong,Cukai,24000,Terengganu
16786,Teluk Puchong,Cukai,24000,Terengganu
16787,Tok Kapor,Cukai,24000,Terengganu
16788,Zon Perindustrian Jakar (1 & 2),Cukai,24000,Terengganu
16789,Kampung Gong Limau,Cukai,24000,Terengganu
16790,Kampung Gong Pauh,Cukai,24000,Terengganu
16791,Kampung Jabur Kubur,Cukai,24000,Terengganu
16792,Kampung Jaya,Cukai,24000,Terengganu
16793,Kampung Kuala Kemaman,Cukai,24000,Terengganu
16794,Kampung Lot Seri Jaya,Cukai,24000,Terengganu
16795,Kampung Mak Chili,Cukai,24000,Terengganu
16796,Kampung Mak Cili Paya,Cukai,24000,Terengganu
16797,Kampung Mak Dayang,Cukai,24000,Terengganu
16798,Kampung Padang Lalang,Cukai,24000,Terengganu
16799,Kampung Paman,Cukai,24000,Terengganu
16800,Kampung Pancor,Cukai,24000,Terengganu
16801,Kampung Pandan,Cukai,24000,Terengganu
16802,Kampung Pasir Minal,Cukai,24000,Terengganu
16803,Kampung Paya Berenjut,Cukai,24000,Terengganu
16804,Kampung Pengkalan Binjai,Cukai,24000,Terengganu
16805,Kampung Pengkalan Cicar,Cukai,24000,Terengganu
16806,Kampung Pengkalan Pandan,Cukai,24000,Terengganu
16807,Kampung Pulau Tempurong,Cukai,24000,Terengganu
16808,Kampung Sungai Pinang,Cukai,24000,Terengganu
16809,Kampung Tanah Lot Geliga,Cukai,24000,Terengganu
16810,Kampung Tempurong,Cukai,24000,Terengganu
16811,Kampung Tengah,Cukai,24000,Terengganu
16812,Kampung Tuan,Cukai,24000,Terengganu
16813,Kampung Wakaf Jambu,Cukai,24000,Terengganu
16814,Kuala Kemaman,Cukai,24000,Terengganu
16815,Padang Lalang,Cukai,24000,Terengganu
16816,Pasir Minar,Cukai,24000,Terengganu
16817,Pengkalan Binjai,Cukai,24000,Terengganu
16818,Pengkalan Cicar,Cukai,24000,Terengganu
16819,Pengkalan Sir,Cukai,24000,Terengganu
16820,Pulau Tempurong,Cukai,24000,Terengganu
16821,Taman Air Puteh,Cukai,24000,Terengganu
16822,Taman Anggerik,Cukai,24000,Terengganu
16823,Taman Bahagia,Cukai,24000,Terengganu
16824,Taman Baiduri,Cukai,24000,Terengganu
16825,Taman Bakar Daud,Cukai,24000,Terengganu
16826,Taman Berjaya,Cukai,24000,Terengganu
16827,Taman Bersekutu,Cukai,24000,Terengganu
16828,Taman Bukit Mentok,Cukai,24000,Terengganu
16829,Taman Bunga Tanjung,Cukai,24000,Terengganu
16830,Taman Cempaka,Cukai,24000,Terengganu
16831,Taman Cendana,Cukai,24000,Terengganu
16832,Taman Chua Ah Kee,Cukai,24000,Terengganu
16833,Taman Cukai,Cukai,24000,Terengganu
16834,Taman Cukai Utama,Cukai,24000,Terengganu
16835,Taman Dahlia,Cukai,24000,Terengganu
16836,Taman Darul Iman,Cukai,24000,Terengganu
16837,Taman Darul Iman 1,Cukai,24000,Terengganu
16838,Taman Darul Iman 2,Cukai,24000,Terengganu
16839,Taman Darul Iman 3,Cukai,24000,Terengganu
16840,Taman Dataran Geliga,Cukai,24000,Terengganu
16841,Taman Delima,Cukai,24000,Terengganu
16842,Taman Desa Awana,Cukai,24000,Terengganu
16843,Taman Desa Cukai,Cukai,24000,Terengganu
16844,Taman Desa Impian,Cukai,24000,Terengganu
16845,Taman Desa Permai 1,Cukai,24000,Terengganu
16846,Taman Desa Permai 2,Cukai,24000,Terengganu
16847,Taman Desa Sentosa,Cukai,24000,Terengganu
16848,Taman Desa Seri Geliga,Cukai,24000,Terengganu
16849,Taman Geliga,Cukai,24000,Terengganu
16850,Taman Geliga Besar,Cukai,24000,Terengganu
16851,Taman Geliga Maju,Cukai,24000,Terengganu
16852,Taman Geliga Sakti,Cukai,24000,Terengganu
16853,Taman Ghulam,Cukai,24000,Terengganu
16854,Taman Gong Pauh,Cukai,24000,Terengganu
16855,Taman Haji Hamzah,Cukai,24000,Terengganu
16856,Taman Haji Wan Ngah,Cukai,24000,Terengganu
16857,Taman Haji Yaacob,Cukai,24000,Terengganu
16858,Taman Idaman,Cukai,24000,Terengganu
16859,Taman Indah,Cukai,24000,Terengganu
16860,Taman Intan,Cukai,24000,Terengganu
16861,Taman Isora,Cukai,24000,Terengganu
16862,Taman Itafah,Cukai,24000,Terengganu
16863,Taman Jakar Jaya,Cukai,24000,Terengganu
16864,Taman Kediaman Indah,Cukai,24000,Terengganu
16865,Taman Kekwa,Cukai,24000,Terengganu
16866,Taman Kemaman,Cukai,24000,Terengganu
16867,Taman Kenari,Cukai,24000,Terengganu
16868,Taman Lembah Geliga,Cukai,24000,Terengganu
16869,Taman LGL,Cukai,24000,Terengganu
16870,Taman Lim Guan Lim,Cukai,24000,Terengganu
16871,Taman Maheran,Cukai,24000,Terengganu
16872,Taman Mak Cili,Cukai,24000,Terengganu
16873,Taman Mat Nor,Cukai,24000,Terengganu
16874,Taman Mawar,Cukai,24000,Terengganu
16875,Taman Melor,Cukai,24000,Terengganu
16876,Taman Melor 2,Cukai,24000,Terengganu
16877,Taman Merpati,Cukai,24000,Terengganu
16878,Taman Mohd Nor,Cukai,24000,Terengganu
16879,Taman Muda,Cukai,24000,Terengganu
16880,Taman Muhibbah,Cukai,24000,Terengganu
16881,Taman Pantai,Cukai,24000,Terengganu
16882,Taman Peladang,Cukai,24000,Terengganu
16883,Taman Pelangi,Cukai,24000,Terengganu
16884,Taman Permai Jaya,Cukai,24000,Terengganu
16885,Taman Perumahan Haji Ismail,Cukai,24000,Terengganu
16886,Taman Perumahan Perwaja,Cukai,24000,Terengganu
16887,Taman Rahmat,Cukai,24000,Terengganu
16888,Taman Samudra,Cukai,24000,Terengganu
16889,Kampung Yak Yah,Ceneh,24060,Terengganu
16890,Lot 144,Ceneh,24060,Terengganu
16891,Neram,Ceneh,24060,Terengganu
16892,Neram I,Ceneh,24060,Terengganu
16893,Kijal - Peti surat,Kijal,24107,Terengganu
16894,Kijal - Beg berkunci,Kijal,24109,Terengganu
16895,Kampung Atas Tebing,Kijal,24100,Terengganu
16896,Kampung Baru Bukit Anak Dara,Kijal,24100,Terengganu
16897,Kampung Baru Kanan,Kijal,24100,Terengganu
16898,Kampung Baru Titian Berayong,Kijal,24100,Terengganu
16899,Kampung Beris Nenas,Kijal,24100,Terengganu
16900,Kampung Bukit Anak Dara,Kijal,24100,Terengganu
16901,Kampung Bukit Sembilan,Kijal,24100,Terengganu
16902,Kampung Che Wan,Kijal,24100,Terengganu
16903,Kampung Darat Air Puteh,Kijal,24100,Terengganu
16904,Kampung Darat Haji Awang,Kijal,24100,Terengganu
16905,Kampung Darat Kijal,Kijal,24100,Terengganu
16906,Kampung Darat Penunjuk,Kijal,24100,Terengganu
16907,Kampung Darat Stesyen Bawah,Kijal,24100,Terengganu
16908,Kampung Ibai,Kijal,24100,Terengganu
16909,Kampung Ibok,Kijal,24100,Terengganu
16910,Kampung Jong Berlaboh,Kijal,24100,Terengganu
16911,Kampung Lasir Darat Kijal,Kijal,24100,Terengganu
16912,Kampung Masjid (Kijal),Kijal,24100,Terengganu
16913,Kampung Mentauh,Kijal,24100,Terengganu
16914,Kampung Meraga Beris,Kijal,24100,Terengganu
16915,Kampung Padang Kemunting,Kijal,24100,Terengganu
16916,Kampung Pantai Penunjuk,Kijal,24100,Terengganu
16917,Kampung Penunjuk,Kijal,24100,Terengganu
16918,Kampung Pondok Limau,Kijal,24100,Terengganu
16919,Kampung Pondok Paska,Kijal,24100,Terengganu
16920,Kampung Simpang Bukit Kemuning,Kijal,24100,Terengganu
16921,Kampung Simpang Empat,Kijal,24100,Terengganu
16922,Kampung Tengah,Kijal,24100,Terengganu
16923,Kampung Tengah Bawah Tebing,Kijal,24100,Terengganu
16924,Kampung Tengah Ibok,Kijal,24100,Terengganu
16925,Kampung Tengah Pantai,Kijal,24100,Terengganu
16926,Kampung Titian Berayong,Kijal,24100,Terengganu
16927,Kijal,Kijal,24100,Terengganu
16928,Kijal Beach Resort,Kijal,24100,Terengganu
16929,Simpang Pelatoh,Kijal,24100,Terengganu
16930,Teladas,Kijal,24100,Terengganu
16931,Ayer Jerneh,Kemasek,24200,Terengganu
16932,Bandar D,Kemasek,24200,Terengganu
16933,Kampung Baru Semanyor,Kemasek,24200,Terengganu
16934,Kampung Batu 6 1/2 (Ayer Jerneh),Kemasek,24200,Terengganu
16935,Kampung Bukit Kijang,Kemasek,24200,Terengganu
16936,Kampung Bukit Pak Long,Kemasek,24200,Terengganu
16937,Kampung Bukit Teruna Payoh,Kemasek,24200,Terengganu
16938,Kampung Gong Chengal,Kemasek,24200,Terengganu
16939,Kampung Loke Kod Ayer Jernih,Kemasek,24200,Terengganu
16940,Kampung Melayu Ayer Jerneh,Kemasek,24200,Terengganu
16941,Kampung Padang,Kemasek,24200,Terengganu
16942,Kampung Payoh,Kemasek,24200,Terengganu
16943,Kampung Seberang Payoh,Kemasek,24200,Terengganu
16944,Kampung Semanyor,Kemasek,24200,Terengganu
16945,Kemasek,Kemasek,24200,Terengganu
16946,Seri Bandi,Kemasek,24200,Terengganu
16947,Taman Wan Adnan,Kemasek,24200,Terengganu
16948,Kemasek - Peti surat,Kemasek,24207,Terengganu
16949,Kemasek - Beg berkunci,Kemasek,24209,Terengganu
16950,Bandar Baru,Kerteh,24300,Terengganu
16951,EstateTengah / Petronas,Kerteh,24300,Terengganu
16952,Jalan Besar,Kerteh,24300,Terengganu
16953,Jalan Chabang,Kerteh,24300,Terengganu
16954,Jalan Federal,Kerteh,24300,Terengganu
16955,Kampung Api Rokok,Kerteh,24300,Terengganu
16956,Kampung Bangsal Arang,Kerteh,24300,Terengganu
16957,Kampung Baru,Kerteh,24300,Terengganu
16958,Kampung Baru Chabang,Kerteh,24300,Terengganu
16959,Kampung Batu Puteh,Kerteh,24300,Terengganu
16960,Kampung Bukit Pahang Estate,Kerteh,24300,Terengganu
16961,Kampung Cabang,Kerteh,24300,Terengganu
16962,Kampung Gelugor,Kerteh,24300,Terengganu
16963,Kampung Kolam Austasia,Kerteh,24300,Terengganu
16964,Kampung Labohan,Kerteh,24300,Terengganu
16965,Kampung Padang Bola,Kerteh,24300,Terengganu
16966,Kampung Pengkalan Ranggon,Kerteh,24300,Terengganu
16967,Kampung Ranggon Estate,Kerteh,24300,Terengganu
16968,Kampung Seberang Lalang,Kerteh,24300,Terengganu
16969,Kampung Telaga Papan,Kerteh,24300,Terengganu
16970,Kampung Tengah,Kerteh,24300,Terengganu
16971,Kerteh,Kerteh,24300,Terengganu
16972,Kompleks Rantau Petronas,Kerteh,24300,Terengganu
16973,Nyor Matel,Kerteh,24300,Terengganu
16974,Rantau Petronas,Kerteh,24300,Terengganu
